-- phpMyAdmin SQL Dump
-- version 4.9.4
-- https://www.phpmyadmin.net/
--
-- Host: localhost
-- Generation Time: Dec 01, 2020 at 04:51 PM
-- Server version: 10.4.11-MariaDB
-- PHP Version: 7.3.14

SET SQL_MODE = "NO_AUTO_VALUE_ON_ZERO";
SET AUTOCOMMIT = 0;
START TRANSACTION;
SET time_zone = "+00:00";


/*!40101 SET @OLD_CHARACTER_SET_CLIENT=@@CHARACTER_SET_CLIENT */;
/*!40101 SET @OLD_CHARACTER_SET_RESULTS=@@CHARACTER_SET_RESULTS */;
/*!40101 SET @OLD_COLLATION_CONNECTION=@@COLLATION_CONNECTION */;
/*!40101 SET NAMES utf8mb4 */;

--
-- Database: `pmoran05`
--

-- --------------------------------------------------------

--
-- Table structure for table `Address`
--

CREATE TABLE `Address` (
  `AddressID` int(11) NOT NULL,
  `StreetNumber` varchar(255) NOT NULL,
  `StreetName` varchar(255) NOT NULL,
  `City` varchar(255) NOT NULL,
  `Postcode` varchar(255) NOT NULL,
  `County/Province` varchar(255) NOT NULL,
  `CountryID` int(11) NOT NULL
) ENGINE=InnoDB DEFAULT CHARSET=latin1;

--
-- Dumping data for table `Address`
--

INSERT INTO `Address` (`AddressID`, `StreetNumber`, `StreetName`, `City`, `Postcode`, `County/Province`, `CountryID`) VALUES
(1, '', 'Airport Road', 'Belfast', 'BT29 4AB', 'Antrim', 1),
(2, '', '', 'Paisley', 'PA3 2ST', 'AYRSHIRE', 2),
(3, '', '', 'MANCHESTER', 'M90 1QX', 'LANCASHIRE', 3),
(4, '', '', 'LUTON', 'LU2 9LY', 'BEDFORDSHIRE', 3),
(5, '', '', 'BORDEAUX', '33700', 'MÉRIGNC', 4),
(6, '', 'EL PRAT DE LLOBREGAT', 'BARCELONA', '08820', 'CATALONIA', 6),
(7, '1-3', 'FLUGHAFENSTR.', 'HAMBURG', '22335', 'HAMBURG', 5),
(8, '', '', 'EDINBURGH', 'EH12 9DN', 'MIDLOTHIAN', 2),
(9, '', 'AVENUE CHARLES DE GAULLE', 'PARIS', '95700', 'ROISSY-EN-FRANCE', 4),
(26, '1', 'KAPITANA MIECZYSLAWA MEDWECKIEGO', 'BALICE', '32-083', 'WOJEWÓDZTWO MALOPOLSKIE', 7),
(27, '91', 'Layburn Court', 'Leeds', 'LS24 5JN', 'yorkshire', 3),
(28, '19', 'Font Street', 'Hendon', 'SR2 8EY', 'Surrey', 3),
(29, '23', 'Quay Street', 'Bangor', 'BT19 1AJ', 'County Down', 1),
(31, '31', 'Netherpark Crescent', 'Glasgow', 'Gl51 8XB', 'Ayrshire', 2),
(32, '57', 'Town Lane', 'South Godstone', 'RH9 1FP', 'Surrey', 3),
(33, '94', 'Rue du Clair Bocage', 'La Seyne-Sur-Mer', '83500', '', 4),
(34, '38', 'ul. Armii Ludowej', 'Bialystok', '15-170', '', 7),
(35, '16', 'Budapesterstrasse', 'Sankt Pauli', '22767', 'Hamburg', 5),
(36, '25', 'Zumalakarregi Etorbidea', 'Bilbao', '07250', 'Vilafranca de Bonay', 6),
(37, '83', 'Rue de Raymmond Poincaré', 'Nancy', '93330', 'Neuilly-Sur-Marne', 4),
(38, '15', 'Shaws Road', 'Belfast', 'BT11 9JP', 'Antrim', 1);

-- --------------------------------------------------------

--
-- Table structure for table `Age`
--

CREATE TABLE `Age` (
  `AgeID` int(11) NOT NULL,
  `AgeBracket` varchar(255) NOT NULL
) ENGINE=InnoDB DEFAULT CHARSET=latin1;

--
-- Dumping data for table `Age`
--

INSERT INTO `Age` (`AgeID`, `AgeBracket`) VALUES
(1, '0-2 Years'),
(2, '2-15 Years'),
(3, '16+ Years');

-- --------------------------------------------------------

--
-- Table structure for table `Aircraft`
--

CREATE TABLE `Aircraft` (
  `AircraftID` int(11) NOT NULL,
  `AircraftCode` varchar(255) NOT NULL
) ENGINE=InnoDB DEFAULT CHARSET=latin1;

--
-- Dumping data for table `Aircraft`
--

INSERT INTO `Aircraft` (`AircraftID`, `AircraftCode`) VALUES
(1, 'EZY1704'),
(2, 'EZY2541'),
(3, 'EZY2001'),
(4, 'EZY3050'),
(5, 'EZY1030'),
(6, 'EZY2258'),
(7, 'EZY2542'),
(8, 'EZY2482'),
(9, 'EZY2452'),
(10, 'EZY2124'),
(11, 'EZY1533');

-- --------------------------------------------------------

--
-- Table structure for table `AircraftSeatPlan`
--

CREATE TABLE `AircraftSeatPlan` (
  `AircraftID` int(11) NOT NULL,
  `SeatPlanID` int(11) NOT NULL
) ENGINE=InnoDB DEFAULT CHARSET=latin1;

--
-- Dumping data for table `AircraftSeatPlan`
--

INSERT INTO `AircraftSeatPlan` (`AircraftID`, `SeatPlanID`) VALUES
(1, 1),
(1, 2),
(1, 3),
(1, 4),
(1, 5),
(1, 6),
(1, 7),
(1, 8),
(1, 9),
(1, 10),
(1, 11),
(1, 12),
(1, 13),
(1, 14),
(1, 15),
(1, 16),
(1, 17),
(1, 18),
(1, 19),
(1, 20),
(1, 21),
(1, 22),
(1, 23),
(1, 24),
(1, 25),
(1, 26),
(1, 27),
(1, 28),
(1, 29),
(1, 30),
(1, 31),
(1, 32),
(1, 33),
(1, 34),
(1, 35),
(1, 36),
(1, 37),
(1, 38),
(1, 39),
(1, 40),
(1, 41),
(1, 42),
(1, 43),
(1, 44),
(1, 45),
(1, 46),
(1, 47),
(1, 48),
(1, 49),
(1, 50),
(1, 51),
(1, 52),
(1, 53),
(1, 54),
(1, 55),
(1, 56),
(1, 57),
(1, 58),
(1, 59),
(1, 60),
(1, 61),
(1, 62),
(1, 63),
(1, 64),
(1, 65),
(1, 66),
(1, 67),
(1, 68),
(1, 69),
(1, 70),
(1, 71),
(1, 72),
(1, 73),
(1, 74),
(1, 75),
(1, 76),
(1, 77),
(1, 78),
(1, 79),
(1, 80),
(1, 81),
(1, 82),
(1, 83),
(1, 84),
(1, 85),
(1, 86),
(1, 87),
(1, 88),
(1, 89),
(1, 90),
(1, 91),
(1, 92),
(1, 93),
(1, 94),
(1, 95),
(1, 96),
(1, 97),
(1, 98),
(1, 99),
(1, 100),
(1, 101),
(1, 102),
(1, 103),
(1, 104),
(1, 105),
(1, 106),
(1, 107),
(1, 108),
(1, 109),
(1, 110),
(1, 111),
(1, 112),
(1, 113),
(1, 114),
(1, 115),
(1, 116),
(1, 117),
(1, 118),
(1, 119),
(1, 120),
(1, 121),
(1, 122),
(1, 123),
(1, 124),
(1, 125),
(1, 126),
(1, 127),
(1, 128),
(1, 129),
(1, 130),
(1, 131),
(1, 132),
(1, 133),
(1, 134),
(1, 135),
(1, 136),
(1, 137),
(1, 138),
(1, 139),
(1, 140),
(1, 141),
(1, 142),
(1, 143),
(1, 144),
(1, 145),
(1, 146),
(1, 147),
(1, 148),
(1, 149),
(1, 150),
(1, 151),
(1, 152),
(1, 153),
(1, 154),
(1, 155),
(1, 156),
(1, 157),
(1, 158),
(1, 159),
(1, 160),
(1, 161),
(1, 162),
(1, 163),
(1, 164),
(1, 165),
(1, 166),
(1, 167),
(1, 168),
(1, 169),
(1, 170),
(1, 171),
(1, 172),
(1, 173),
(1, 174),
(1, 175),
(1, 176),
(1, 177),
(1, 178),
(1, 179),
(1, 180),
(1, 181),
(1, 182),
(1, 183),
(1, 184),
(1, 185),
(1, 186),
(2, 1),
(2, 2),
(2, 3),
(2, 4),
(2, 5),
(2, 6),
(2, 7),
(2, 8),
(2, 9),
(2, 10),
(2, 11),
(2, 12),
(2, 13),
(2, 14),
(2, 15),
(2, 16),
(2, 17),
(2, 18),
(2, 19),
(2, 20),
(2, 21),
(2, 22),
(2, 23),
(2, 24),
(2, 25),
(2, 26),
(2, 27),
(2, 28),
(2, 29),
(2, 30),
(2, 31),
(2, 32),
(2, 33),
(2, 34),
(2, 35),
(2, 36),
(2, 37),
(2, 38),
(2, 39),
(2, 40),
(2, 41),
(2, 42),
(2, 43),
(2, 44),
(2, 45),
(2, 46),
(2, 47),
(2, 48),
(2, 49),
(2, 50),
(2, 51),
(2, 52),
(2, 53),
(2, 54),
(2, 55),
(2, 56),
(2, 57),
(2, 58),
(2, 59),
(2, 60),
(2, 61),
(2, 62),
(2, 63),
(2, 64),
(2, 65),
(2, 66),
(2, 67),
(2, 68),
(2, 69),
(2, 70),
(2, 71),
(2, 72),
(2, 73),
(2, 74),
(2, 75),
(2, 76),
(2, 77),
(2, 78),
(2, 79),
(2, 80),
(2, 81),
(2, 82),
(2, 83),
(2, 84),
(2, 85),
(2, 86),
(2, 87),
(2, 88),
(2, 89),
(2, 90),
(2, 91),
(2, 92),
(2, 93),
(2, 94),
(2, 95),
(2, 96),
(2, 97),
(2, 98),
(2, 99),
(2, 100),
(2, 101),
(2, 102),
(2, 103),
(2, 104),
(2, 105),
(2, 106),
(2, 107),
(2, 108),
(2, 109),
(2, 110),
(2, 111),
(2, 112),
(2, 113),
(2, 114),
(2, 115),
(2, 116),
(2, 117),
(2, 118),
(2, 119),
(2, 120),
(2, 121),
(2, 122),
(2, 123),
(2, 124),
(2, 125),
(2, 126),
(2, 127),
(2, 128),
(2, 129),
(2, 130),
(2, 131),
(2, 132),
(2, 133),
(2, 134),
(2, 135),
(2, 136),
(2, 137),
(2, 138),
(2, 139),
(2, 140),
(2, 141),
(2, 142),
(2, 143),
(2, 144),
(2, 145),
(2, 146),
(2, 147),
(2, 148),
(2, 149),
(2, 150),
(2, 151),
(2, 152),
(2, 153),
(2, 154),
(2, 155),
(2, 156),
(2, 157),
(2, 158),
(2, 159),
(2, 160),
(2, 161),
(2, 162),
(2, 163),
(2, 164),
(2, 165),
(2, 166),
(2, 167),
(2, 168),
(2, 169),
(2, 170),
(2, 171),
(2, 172),
(2, 173),
(2, 174),
(2, 175),
(2, 176),
(2, 177),
(2, 178),
(2, 179),
(2, 180),
(2, 181),
(2, 182),
(2, 183),
(2, 184),
(2, 185),
(2, 186),
(3, 1),
(3, 2),
(3, 3),
(3, 4),
(3, 5),
(3, 6),
(3, 7),
(3, 8),
(3, 9),
(3, 10),
(3, 11),
(3, 12),
(3, 13),
(3, 14),
(3, 15),
(3, 16),
(3, 17),
(3, 18),
(3, 19),
(3, 20),
(3, 21),
(3, 22),
(3, 23),
(3, 24),
(3, 25),
(3, 26),
(3, 27),
(3, 28),
(3, 29),
(3, 30),
(3, 31),
(3, 32),
(3, 33),
(3, 34),
(3, 35),
(3, 36),
(3, 37),
(3, 38),
(3, 39),
(3, 40),
(3, 41),
(3, 42),
(3, 43),
(3, 44),
(3, 45),
(3, 46),
(3, 47),
(3, 48),
(3, 49),
(3, 50),
(3, 51),
(3, 52),
(3, 53),
(3, 54),
(3, 55),
(3, 56),
(3, 57),
(3, 58),
(3, 59),
(3, 60),
(3, 61),
(3, 62),
(3, 63),
(3, 64),
(3, 65),
(3, 66),
(3, 67),
(3, 68),
(3, 69),
(3, 70),
(3, 71),
(3, 72),
(3, 73),
(3, 74),
(3, 75),
(3, 76),
(3, 77),
(3, 78),
(3, 79),
(3, 80),
(3, 81),
(3, 82),
(3, 83),
(3, 84),
(3, 85),
(3, 86),
(3, 87),
(3, 88),
(3, 89),
(3, 90),
(3, 91),
(3, 92),
(3, 93),
(3, 94),
(3, 95),
(3, 96),
(3, 97),
(3, 98),
(3, 99),
(3, 100),
(3, 101),
(3, 102),
(3, 103),
(3, 104),
(3, 105),
(3, 106),
(3, 107),
(3, 108),
(3, 109),
(3, 110),
(3, 111),
(3, 112),
(3, 113),
(3, 114),
(3, 115),
(3, 116),
(3, 117),
(3, 118),
(3, 119),
(3, 120),
(3, 121),
(3, 122),
(3, 123),
(3, 124),
(3, 125),
(3, 126),
(3, 127),
(3, 128),
(3, 129),
(3, 130),
(3, 131),
(3, 132),
(3, 133),
(3, 134),
(3, 135),
(3, 136),
(3, 137),
(3, 138),
(3, 139),
(3, 140),
(3, 141),
(3, 142),
(3, 143),
(3, 144),
(3, 145),
(3, 146),
(3, 147),
(3, 148),
(3, 149),
(3, 150),
(3, 151),
(3, 152),
(3, 153),
(3, 154),
(3, 155),
(3, 156),
(3, 157),
(3, 158),
(3, 159),
(3, 160),
(3, 161),
(3, 162),
(3, 163),
(3, 164),
(3, 165),
(3, 166),
(3, 167),
(3, 168),
(3, 169),
(3, 170),
(3, 171),
(3, 172),
(3, 173),
(3, 174),
(3, 175),
(3, 176),
(3, 177),
(3, 178),
(3, 179),
(3, 180),
(3, 181),
(3, 182),
(3, 183),
(3, 184),
(3, 185),
(3, 186),
(4, 1),
(4, 2),
(4, 3),
(4, 4),
(4, 5),
(4, 6),
(4, 7),
(4, 8),
(4, 9),
(4, 10),
(4, 11),
(4, 12),
(4, 13),
(4, 14),
(4, 15),
(4, 16),
(4, 17),
(4, 18),
(4, 19),
(4, 20),
(4, 21),
(4, 22),
(4, 23),
(4, 24),
(4, 25),
(4, 26),
(4, 27),
(4, 28),
(4, 29),
(4, 30),
(4, 31),
(4, 32),
(4, 33),
(4, 34),
(4, 35),
(4, 36),
(4, 37),
(4, 38),
(4, 39),
(4, 40),
(4, 41),
(4, 42),
(4, 43),
(4, 44),
(4, 45),
(4, 46),
(4, 47),
(4, 48),
(4, 49),
(4, 50),
(4, 51),
(4, 52),
(4, 53),
(4, 54),
(4, 55),
(4, 56),
(4, 57),
(4, 58),
(4, 59),
(4, 60),
(4, 61),
(4, 62),
(4, 63),
(4, 64),
(4, 65),
(4, 66),
(4, 67),
(4, 68),
(4, 69),
(4, 70),
(4, 71),
(4, 72),
(4, 73),
(4, 74),
(4, 75),
(4, 76),
(4, 77),
(4, 78),
(4, 79),
(4, 80),
(4, 81),
(4, 82),
(4, 83),
(4, 84),
(4, 85),
(4, 86),
(4, 87),
(4, 88),
(4, 89),
(4, 90),
(4, 91),
(4, 92),
(4, 93),
(4, 94),
(4, 95),
(4, 96),
(4, 97),
(4, 98),
(4, 99),
(4, 100),
(4, 101),
(4, 102),
(4, 103),
(4, 104),
(4, 105),
(4, 106),
(4, 107),
(4, 108),
(4, 109),
(4, 110),
(4, 111),
(4, 112),
(4, 113),
(4, 114),
(4, 115),
(4, 116),
(4, 117),
(4, 118),
(4, 119),
(4, 120),
(4, 121),
(4, 122),
(4, 123),
(4, 124),
(4, 125),
(4, 126),
(4, 127),
(4, 128),
(4, 129),
(4, 130),
(4, 131),
(4, 132),
(4, 133),
(4, 134),
(4, 135),
(4, 136),
(4, 137),
(4, 138),
(4, 139),
(4, 140),
(4, 141),
(4, 142),
(4, 143),
(4, 144),
(4, 145),
(4, 146),
(4, 147),
(4, 148),
(4, 149),
(4, 150),
(4, 151),
(4, 152),
(4, 153),
(4, 154),
(4, 155),
(4, 156),
(4, 157),
(4, 158),
(4, 159),
(4, 160),
(4, 161),
(4, 162),
(4, 163),
(4, 164),
(4, 165),
(4, 166),
(4, 167),
(4, 168),
(4, 169),
(4, 170),
(4, 171),
(4, 172),
(4, 173),
(4, 174),
(4, 175),
(4, 176),
(4, 177),
(4, 178),
(4, 179),
(4, 180),
(4, 181),
(4, 182),
(4, 183),
(4, 184),
(4, 185),
(4, 186),
(5, 1),
(5, 2),
(5, 3),
(5, 4),
(5, 5),
(5, 6),
(5, 7),
(5, 8),
(5, 9),
(5, 10),
(5, 11),
(5, 12),
(5, 13),
(5, 14),
(5, 15),
(5, 16),
(5, 17),
(5, 18),
(5, 19),
(5, 20),
(5, 21),
(5, 22),
(5, 23),
(5, 24),
(5, 25),
(5, 26),
(5, 27),
(5, 28),
(5, 29),
(5, 30),
(5, 31),
(5, 32),
(5, 33),
(5, 34),
(5, 35),
(5, 36),
(5, 37),
(5, 38),
(5, 39),
(5, 40),
(5, 41),
(5, 42),
(5, 43),
(5, 44),
(5, 45),
(5, 46),
(5, 47),
(5, 48),
(5, 49),
(5, 50),
(5, 51),
(5, 52),
(5, 53),
(5, 54),
(5, 55),
(5, 56),
(5, 57),
(5, 58),
(5, 59),
(5, 60),
(5, 61),
(5, 62),
(5, 63),
(5, 64),
(5, 65),
(5, 66),
(5, 67),
(5, 68),
(5, 69),
(5, 70),
(5, 71),
(5, 72),
(5, 73),
(5, 74),
(5, 75),
(5, 76),
(5, 77),
(5, 78),
(5, 79),
(5, 80),
(5, 81),
(5, 82),
(5, 83),
(5, 84),
(5, 85),
(5, 86),
(5, 87),
(5, 88),
(5, 89),
(5, 90),
(5, 91),
(5, 92),
(5, 93),
(5, 94),
(5, 95),
(5, 96),
(5, 97),
(5, 98),
(5, 99),
(5, 100),
(5, 101),
(5, 102),
(5, 103),
(5, 104),
(5, 105),
(5, 106),
(5, 107),
(5, 108),
(5, 109),
(5, 110),
(5, 111),
(5, 112),
(5, 113),
(5, 114),
(5, 115),
(5, 116),
(5, 117),
(5, 118),
(5, 119),
(5, 120),
(5, 121),
(5, 122),
(5, 123),
(5, 124),
(5, 125),
(5, 126),
(5, 127),
(5, 128),
(5, 129),
(5, 130),
(5, 131),
(5, 132),
(5, 133),
(5, 134),
(5, 135),
(5, 136),
(5, 137),
(5, 138),
(5, 139),
(5, 140),
(5, 141),
(5, 142),
(5, 143),
(5, 144),
(5, 145),
(5, 146),
(5, 147),
(5, 148),
(5, 149),
(5, 150),
(5, 151),
(5, 152),
(5, 153),
(5, 154),
(5, 155),
(5, 156),
(5, 157),
(5, 158),
(5, 159),
(5, 160),
(5, 161),
(5, 162),
(5, 163),
(5, 164),
(5, 165),
(5, 166),
(5, 167),
(5, 168),
(5, 169),
(5, 170),
(5, 171),
(5, 172),
(5, 173),
(5, 174),
(5, 175),
(5, 176),
(5, 177),
(5, 178),
(5, 179),
(5, 180),
(5, 181),
(5, 182),
(5, 183),
(5, 184),
(5, 185),
(5, 186),
(6, 1),
(6, 2),
(6, 3),
(6, 4),
(6, 5),
(6, 6),
(6, 7),
(6, 8),
(6, 9),
(6, 10),
(6, 11),
(6, 12),
(6, 13),
(6, 14),
(6, 15),
(6, 16),
(6, 17),
(6, 18),
(6, 19),
(6, 20),
(6, 21),
(6, 22),
(6, 23),
(6, 24),
(6, 25),
(6, 26),
(6, 27),
(6, 28),
(6, 29),
(6, 30),
(6, 31),
(6, 32),
(6, 33),
(6, 34),
(6, 35),
(6, 36),
(6, 37),
(6, 38),
(6, 39),
(6, 40),
(6, 41),
(6, 42),
(6, 43),
(6, 44),
(6, 45),
(6, 46),
(6, 47),
(6, 48),
(6, 49),
(6, 50),
(6, 51),
(6, 52),
(6, 53),
(6, 54),
(6, 55),
(6, 56),
(6, 57),
(6, 58),
(6, 59),
(6, 60),
(6, 61),
(6, 62),
(6, 63),
(6, 64),
(6, 65),
(6, 66),
(6, 67),
(6, 68),
(6, 69),
(6, 70),
(6, 71),
(6, 72),
(6, 73),
(6, 74),
(6, 75),
(6, 76),
(6, 77),
(6, 78),
(6, 79),
(6, 80),
(6, 81),
(6, 82),
(6, 83),
(6, 84),
(6, 85),
(6, 86),
(6, 87),
(6, 88),
(6, 89),
(6, 90),
(6, 91),
(6, 92),
(6, 93),
(6, 94),
(6, 95),
(6, 96),
(6, 97),
(6, 98),
(6, 99),
(6, 100),
(6, 101),
(6, 102),
(6, 103),
(6, 104),
(6, 105),
(6, 106),
(6, 107),
(6, 108),
(6, 109),
(6, 110),
(6, 111),
(6, 112),
(6, 113),
(6, 114),
(6, 115),
(6, 116),
(6, 117),
(6, 118),
(6, 119),
(6, 120),
(6, 121),
(6, 122),
(6, 123),
(6, 124),
(6, 125),
(6, 126),
(6, 127),
(6, 128),
(6, 129),
(6, 130),
(6, 131),
(6, 132),
(6, 133),
(6, 134),
(6, 135),
(6, 136),
(6, 137),
(6, 138),
(6, 139),
(6, 140),
(6, 141),
(6, 142),
(6, 143),
(6, 144),
(6, 145),
(6, 146),
(6, 147),
(6, 148),
(6, 149),
(6, 150),
(6, 151),
(6, 152),
(6, 153),
(6, 154),
(6, 155),
(6, 156),
(6, 157),
(6, 158),
(6, 159),
(6, 160),
(6, 161),
(6, 162),
(6, 163),
(6, 164),
(6, 165),
(6, 166),
(6, 167),
(6, 168),
(6, 169),
(6, 170),
(6, 171),
(6, 172),
(6, 173),
(6, 174),
(6, 175),
(6, 176),
(6, 177),
(6, 178),
(6, 179),
(6, 180),
(6, 181),
(6, 182),
(6, 183),
(6, 184),
(6, 185),
(6, 186),
(7, 1),
(7, 2),
(7, 3),
(7, 4),
(7, 5),
(7, 6),
(7, 7),
(7, 8),
(7, 9),
(7, 10),
(7, 11),
(7, 12),
(7, 13),
(7, 14),
(7, 15),
(7, 16),
(7, 17),
(7, 18),
(7, 19),
(7, 20),
(7, 21),
(7, 22),
(7, 23),
(7, 24),
(7, 25),
(7, 26),
(7, 27),
(7, 28),
(7, 29),
(7, 30),
(7, 31),
(7, 32),
(7, 33),
(7, 34),
(7, 35),
(7, 36),
(7, 37),
(7, 38),
(7, 39),
(7, 40),
(7, 41),
(7, 42),
(7, 43),
(7, 44),
(7, 45),
(7, 46),
(7, 47),
(7, 48),
(7, 49),
(7, 50),
(7, 51),
(7, 52),
(7, 53),
(7, 54),
(7, 55),
(7, 56),
(7, 57),
(7, 58),
(7, 59),
(7, 60),
(7, 61),
(7, 62),
(7, 63),
(7, 64),
(7, 65),
(7, 66),
(7, 67),
(7, 68),
(7, 69),
(7, 70),
(7, 71),
(7, 72),
(7, 73),
(7, 74),
(7, 75),
(7, 76),
(7, 77),
(7, 78),
(7, 79),
(7, 80),
(7, 81),
(7, 82),
(7, 83),
(7, 84),
(7, 85),
(7, 86),
(7, 87),
(7, 88),
(7, 89),
(7, 90),
(7, 91),
(7, 92),
(7, 93),
(7, 94),
(7, 95),
(7, 96),
(7, 97),
(7, 98),
(7, 99),
(7, 100),
(7, 101),
(7, 102),
(7, 103),
(7, 104),
(7, 105),
(7, 106),
(7, 107),
(7, 108),
(7, 109),
(7, 110),
(7, 111),
(7, 112),
(7, 113),
(7, 114),
(7, 115),
(7, 116),
(7, 117),
(7, 118),
(7, 119),
(7, 120),
(7, 121),
(7, 122),
(7, 123),
(7, 124),
(7, 125),
(7, 126),
(7, 127),
(7, 128),
(7, 129),
(7, 130),
(7, 131),
(7, 132),
(7, 133),
(7, 134),
(7, 135),
(7, 136),
(7, 137),
(7, 138),
(7, 139),
(7, 140),
(7, 141),
(7, 142),
(7, 143),
(7, 144),
(7, 145),
(7, 146),
(7, 147),
(7, 148),
(7, 149),
(7, 150),
(7, 151),
(7, 152),
(7, 153),
(7, 154),
(7, 155),
(7, 156),
(7, 157),
(7, 158),
(7, 159),
(7, 160),
(7, 161),
(7, 162),
(7, 163),
(7, 164),
(7, 165),
(7, 166),
(7, 167),
(7, 168),
(7, 169),
(7, 170),
(7, 171),
(7, 172),
(7, 173),
(7, 174),
(7, 175),
(7, 176),
(7, 177),
(7, 178),
(7, 179),
(7, 180),
(7, 181),
(7, 182),
(7, 183),
(7, 184),
(7, 185),
(7, 186),
(8, 1),
(8, 2),
(8, 3),
(8, 4),
(8, 5),
(8, 6),
(8, 7),
(8, 8),
(8, 9),
(8, 10),
(8, 11),
(8, 12),
(8, 13),
(8, 14),
(8, 15),
(8, 16),
(8, 17),
(8, 18),
(8, 19),
(8, 20),
(8, 21),
(8, 22),
(8, 23),
(8, 24),
(8, 25),
(8, 26),
(8, 27),
(8, 28),
(8, 29),
(8, 30),
(8, 31),
(8, 32),
(8, 33),
(8, 34),
(8, 35),
(8, 36),
(8, 37),
(8, 38),
(8, 39),
(8, 40),
(8, 41),
(8, 42),
(8, 43),
(8, 44),
(8, 45),
(8, 46),
(8, 47),
(8, 48),
(8, 49),
(8, 50),
(8, 51),
(8, 52),
(8, 53),
(8, 54),
(8, 55),
(8, 56),
(8, 57),
(8, 58),
(8, 59),
(8, 60),
(8, 61),
(8, 62),
(8, 63),
(8, 64),
(8, 65),
(8, 66),
(8, 67),
(8, 68),
(8, 69),
(8, 70),
(8, 71),
(8, 72),
(8, 73),
(8, 74),
(8, 75),
(8, 76),
(8, 77),
(8, 78),
(8, 79),
(8, 80),
(8, 81),
(8, 82),
(8, 83),
(8, 84),
(8, 85),
(8, 86),
(8, 87),
(8, 88),
(8, 89),
(8, 90),
(8, 91),
(8, 92),
(8, 93),
(8, 94),
(8, 95),
(8, 96),
(8, 97),
(8, 98),
(8, 99),
(8, 100),
(8, 101),
(8, 102),
(8, 103),
(8, 104),
(8, 105),
(8, 106),
(8, 107),
(8, 108),
(8, 109),
(8, 110),
(8, 111),
(8, 112),
(8, 113),
(8, 114),
(8, 115),
(8, 116),
(8, 117),
(8, 118),
(8, 119),
(8, 120),
(8, 121),
(8, 122),
(8, 123),
(8, 124),
(8, 125),
(8, 126),
(8, 127),
(8, 128),
(8, 129),
(8, 130),
(8, 131),
(8, 132),
(8, 133),
(8, 134),
(8, 135),
(8, 136),
(8, 137),
(8, 138),
(8, 139),
(8, 140),
(8, 141),
(8, 142),
(8, 143),
(8, 144),
(8, 145),
(8, 146),
(8, 147),
(8, 148),
(8, 149),
(8, 150),
(8, 151),
(8, 152),
(8, 153),
(8, 154),
(8, 155),
(8, 156),
(8, 157),
(8, 158),
(8, 159),
(8, 160),
(8, 161),
(8, 162),
(8, 163),
(8, 164),
(8, 165),
(8, 166),
(8, 167),
(8, 168),
(8, 169),
(8, 170),
(8, 171),
(8, 172),
(8, 173),
(8, 174),
(8, 175),
(8, 176),
(8, 177),
(8, 178),
(8, 179),
(8, 180),
(8, 181),
(8, 182),
(8, 183),
(8, 184),
(8, 185),
(8, 186),
(9, 1),
(9, 2),
(9, 3),
(9, 4),
(9, 5),
(9, 6),
(9, 7),
(9, 8),
(9, 9),
(9, 10),
(9, 11),
(9, 12),
(9, 13),
(9, 14),
(9, 15),
(9, 16),
(9, 17),
(9, 18),
(9, 19),
(9, 20),
(9, 21),
(9, 22),
(9, 23),
(9, 24),
(9, 25),
(9, 26),
(9, 27),
(9, 28),
(9, 29),
(9, 30),
(9, 31),
(9, 32),
(9, 33),
(9, 34),
(9, 35),
(9, 36),
(9, 37),
(9, 38),
(9, 39),
(9, 40),
(9, 41),
(9, 42),
(9, 43),
(9, 44),
(9, 45),
(9, 46),
(9, 47),
(9, 48),
(9, 49),
(9, 50),
(9, 51),
(9, 52),
(9, 53),
(9, 54),
(9, 55),
(9, 56),
(9, 57),
(9, 58),
(9, 59),
(9, 60),
(9, 61),
(9, 62),
(9, 63),
(9, 64),
(9, 65),
(9, 66),
(9, 67),
(9, 68),
(9, 69),
(9, 70),
(9, 71),
(9, 72),
(9, 73),
(9, 74),
(9, 75),
(9, 76),
(9, 77),
(9, 78),
(9, 79),
(9, 80),
(9, 81),
(9, 82),
(9, 83),
(9, 84),
(9, 85),
(9, 86),
(9, 87),
(9, 88),
(9, 89),
(9, 90),
(9, 91),
(9, 92),
(9, 93),
(9, 94),
(9, 95),
(9, 96),
(9, 97),
(9, 98),
(9, 99),
(9, 100),
(9, 101),
(9, 102),
(9, 103),
(9, 104),
(9, 105),
(9, 106),
(9, 107),
(9, 108),
(9, 109),
(9, 110),
(9, 111),
(9, 112),
(9, 113),
(9, 114),
(9, 115),
(9, 116),
(9, 117),
(9, 118),
(9, 119),
(9, 120),
(9, 121),
(9, 122),
(9, 123),
(9, 124),
(9, 125),
(9, 126),
(9, 127),
(9, 128),
(9, 129),
(9, 130),
(9, 131),
(9, 132),
(9, 133),
(9, 134),
(9, 135),
(9, 136),
(9, 137),
(9, 138),
(9, 139),
(9, 140),
(9, 141),
(9, 142),
(9, 143),
(9, 144),
(9, 145),
(9, 146),
(9, 147),
(9, 148),
(9, 149),
(9, 150),
(9, 151),
(9, 152),
(9, 153),
(9, 154),
(9, 155),
(9, 156),
(9, 157),
(9, 158),
(9, 159),
(9, 160),
(9, 161),
(9, 162),
(9, 163),
(9, 164),
(9, 165),
(9, 166),
(9, 167),
(9, 168),
(9, 169),
(9, 170),
(9, 171),
(9, 172),
(9, 173),
(9, 174),
(9, 175),
(9, 176),
(9, 177),
(9, 178),
(9, 179),
(9, 180),
(9, 181),
(9, 182),
(9, 183),
(9, 184),
(9, 185),
(9, 186),
(10, 1),
(10, 2),
(10, 3),
(10, 4),
(10, 5),
(10, 6),
(10, 7),
(10, 8),
(10, 9),
(10, 10),
(10, 11),
(10, 12),
(10, 13),
(10, 14),
(10, 15),
(10, 16),
(10, 17),
(10, 18),
(10, 19),
(10, 20),
(10, 21),
(10, 22),
(10, 23),
(10, 24),
(10, 25),
(10, 26),
(10, 27),
(10, 28),
(10, 29),
(10, 30),
(10, 31),
(10, 32),
(10, 33),
(10, 34),
(10, 35),
(10, 36),
(10, 37),
(10, 38),
(10, 39),
(10, 40),
(10, 41),
(10, 42),
(10, 43),
(10, 44),
(10, 45),
(10, 46),
(10, 47),
(10, 48),
(10, 49),
(10, 50),
(10, 51),
(10, 52),
(10, 53),
(10, 54),
(10, 55),
(10, 56),
(10, 57),
(10, 58),
(10, 59),
(10, 60),
(10, 61),
(10, 62),
(10, 63),
(10, 64),
(10, 65),
(10, 66),
(10, 67),
(10, 68),
(10, 69),
(10, 70),
(10, 71),
(10, 72),
(10, 73),
(10, 74),
(10, 75),
(10, 76),
(10, 77),
(10, 78),
(10, 79),
(10, 80),
(10, 81),
(10, 82),
(10, 83),
(10, 84),
(10, 85),
(10, 86),
(10, 87),
(10, 88),
(10, 89),
(10, 90),
(10, 91),
(10, 92),
(10, 93),
(10, 94),
(10, 95),
(10, 96),
(10, 97),
(10, 98),
(10, 99),
(10, 100),
(10, 101),
(10, 102),
(10, 103),
(10, 104),
(10, 105),
(10, 106),
(10, 107),
(10, 108),
(10, 109),
(10, 110),
(10, 111),
(10, 112),
(10, 113),
(10, 114),
(10, 115),
(10, 116),
(10, 117),
(10, 118),
(10, 119),
(10, 120),
(10, 121),
(10, 122),
(10, 123),
(10, 124),
(10, 125),
(10, 126),
(10, 127),
(10, 128),
(10, 129),
(10, 130),
(10, 131),
(10, 132),
(10, 133),
(10, 134),
(10, 135),
(10, 136),
(10, 137),
(10, 138),
(10, 139),
(10, 140),
(10, 141),
(10, 142),
(10, 143),
(10, 144),
(10, 145),
(10, 146),
(10, 147),
(10, 148),
(10, 149),
(10, 150),
(10, 151),
(10, 152),
(10, 153),
(10, 154),
(10, 155),
(10, 156),
(10, 157),
(10, 158),
(10, 159),
(10, 160),
(10, 161),
(10, 162),
(10, 163),
(10, 164),
(10, 165),
(10, 166),
(10, 167),
(10, 168),
(10, 169),
(10, 170),
(10, 171),
(10, 172),
(10, 173),
(10, 174),
(10, 175),
(10, 176),
(10, 177),
(10, 178),
(10, 179),
(10, 180),
(10, 181),
(10, 182),
(10, 183),
(10, 184),
(10, 185),
(10, 186),
(11, 1),
(11, 2),
(11, 3),
(11, 4),
(11, 5),
(11, 6),
(11, 7),
(11, 8),
(11, 9),
(11, 10),
(11, 11),
(11, 12),
(11, 13),
(11, 14),
(11, 15),
(11, 16),
(11, 17),
(11, 18),
(11, 19),
(11, 20),
(11, 21),
(11, 22),
(11, 23),
(11, 24),
(11, 25),
(11, 26),
(11, 27),
(11, 28),
(11, 29),
(11, 30),
(11, 31),
(11, 32),
(11, 33),
(11, 34),
(11, 35),
(11, 36),
(11, 37),
(11, 38),
(11, 39),
(11, 40),
(11, 41),
(11, 42),
(11, 43),
(11, 44),
(11, 45),
(11, 46),
(11, 47),
(11, 48),
(11, 49),
(11, 50),
(11, 51),
(11, 52),
(11, 53),
(11, 54),
(11, 55),
(11, 56),
(11, 57),
(11, 58),
(11, 59),
(11, 60),
(11, 61),
(11, 62),
(11, 63),
(11, 64),
(11, 65),
(11, 66),
(11, 67),
(11, 68),
(11, 69),
(11, 70),
(11, 71),
(11, 72),
(11, 73),
(11, 74),
(11, 75),
(11, 76),
(11, 77),
(11, 78),
(11, 79),
(11, 80),
(11, 81),
(11, 82),
(11, 83),
(11, 84),
(11, 85),
(11, 86),
(11, 87),
(11, 88),
(11, 89),
(11, 90),
(11, 91),
(11, 92),
(11, 93),
(11, 94),
(11, 95),
(11, 96),
(11, 97),
(11, 98),
(11, 99),
(11, 100),
(11, 101),
(11, 102),
(11, 103),
(11, 104),
(11, 105),
(11, 106),
(11, 107),
(11, 108),
(11, 109),
(11, 110),
(11, 111),
(11, 112),
(11, 113),
(11, 114),
(11, 115),
(11, 116),
(11, 117),
(11, 118),
(11, 119),
(11, 120),
(11, 121),
(11, 122),
(11, 123),
(11, 124),
(11, 125),
(11, 126),
(11, 127),
(11, 128),
(11, 129),
(11, 130),
(11, 131),
(11, 132),
(11, 133),
(11, 134),
(11, 135),
(11, 136),
(11, 137),
(11, 138),
(11, 139),
(11, 140),
(11, 141),
(11, 142),
(11, 143),
(11, 144),
(11, 145),
(11, 146),
(11, 147),
(11, 148),
(11, 149),
(11, 150),
(11, 151),
(11, 152),
(11, 153),
(11, 154),
(11, 155),
(11, 156),
(11, 157),
(11, 158),
(11, 159),
(11, 160),
(11, 161),
(11, 162),
(11, 163),
(11, 164),
(11, 165),
(11, 166),
(11, 167),
(11, 168),
(11, 169),
(11, 170),
(11, 171),
(11, 172),
(11, 173),
(11, 174),
(11, 175),
(11, 176),
(11, 177),
(11, 178),
(11, 179),
(11, 180),
(11, 181),
(11, 182),
(11, 183),
(11, 184),
(11, 185),
(11, 186);

-- --------------------------------------------------------

--
-- Table structure for table `Airport`
--

CREATE TABLE `Airport` (
  `AirportID` int(11) NOT NULL,
  `AirportName` varchar(255) NOT NULL,
  `AirportCode` varchar(255) NOT NULL,
  `AddressID` int(11) NOT NULL
) ENGINE=InnoDB DEFAULT CHARSET=latin1;

--
-- Dumping data for table `Airport`
--

INSERT INTO `Airport` (`AirportID`, `AirportName`, `AirportCode`, `AddressID`) VALUES
(1, 'Belfast International Airport', 'BFS', 1),
(2, 'Glasgow Airport', 'GLA', 2),
(3, 'London Luton', 'LTN', 4),
(4, 'Manchester Airport', 'MAN', 3),
(5, 'Bordeaux Airport', 'BOD', 5),
(6, 'El Prat- Bacelona', 'BCN', 6),
(7, 'Hamburg Airport', 'HAM', 7),
(8, 'Edinburgh Airport', 'EDI', 8),
(9, 'Charles De Gaulle- Paris', 'CDG', 9),
(10, 'JohnPaul II Krakow-Balice', 'KRK', 26);

-- --------------------------------------------------------

--
-- Table structure for table `ArrivalAirport`
--

CREATE TABLE `ArrivalAirport` (
  `ArrivalAirportID` int(11) NOT NULL,
  `AirportID` int(11) NOT NULL
) ENGINE=InnoDB DEFAULT CHARSET=latin1;

--
-- Dumping data for table `ArrivalAirport`
--

INSERT INTO `ArrivalAirport` (`ArrivalAirportID`, `AirportID`) VALUES
(1, 1),
(2, 2),
(3, 3),
(4, 4),
(5, 5),
(7, 6),
(8, 7),
(9, 8),
(10, 9),
(6, 10);

-- --------------------------------------------------------

--
-- Table structure for table `Booking`
--

CREATE TABLE `Booking` (
  `BookingID` int(11) NOT NULL,
  `BookingReference` varchar(255) NOT NULL,
  `BookerFirstName` varchar(255) NOT NULL,
  `BookerSurname` varchar(255) NOT NULL,
  `AddressID` int(11) NOT NULL,
  `EasyjetAccountID` int(11) NOT NULL,
  `BookingDate` varchar(255) NOT NULL,
  `TotalPrice` decimal(12,2) NOT NULL,
  `PaymentID` int(11) NOT NULL
) ENGINE=InnoDB DEFAULT CHARSET=latin1;

--
-- Dumping data for table `Booking`
--

INSERT INTO `Booking` (`BookingID`, `BookingReference`, `BookerFirstName`, `BookerSurname`, `AddressID`, `EasyjetAccountID`, `BookingDate`, `TotalPrice`, `PaymentID`) VALUES
(2, 'f455e325', 'Charles', 'Calderon', 27, 1, '25/11/2020', '200.88', 1),
(4, 'zqefjil0', 'Darren', 'Weaver', 28, 3, '25/11/2020', '76.96', 2),
(6, '7wognjrr', 'Pearl', 'Brewer', 29, 6, '30/11/2020', '381.36', 4),
(10, 'kynzq96f', 'Martha', 'Thompson', 31, 9, '25/11/2020', '156.44', 5),
(11, 'tovhl2ev', 'Matilda', 'Fraser', 32, 10, '25/11/2020', '237.92', 6),
(13, 'lz9urm8o', 'Zdenek', 'Perillard', 33, 12, '26/11/2020', '249.86', 7),
(14, 'xq554dt8', 'Wiktoria', 'Czerwinska', 34, 13, '25/11/2020', '168.44', 8),
(15, 'azailxgk', 'Katrin', 'Frei', 35, 14, '26/11/2020', '143.44', 9),
(16, '17ba0ciu', 'Erin', 'Alexander', 36, 15, '26/11/2020', '451.82', 10),
(17, 'zmvvofr9', 'Théodore', 'Bergeron', 37, 16, '25/11/2020', '103.96', 11),
(18, 'yu85vsb6', 'Coby', 'Docherty', 38, 17, '26/11/2020', '118.96', 12),
(19, 's455sa88', 'Charles', 'Calderon', 27, 1, '25/11/2020', '129.98', 1),
(20, 'wtb89g12', 'Darren', 'Weaver', 28, 3, '25/11/2020', '179.40', 2),
(22, 'hk15f735', 'Martha', 'Thompson', 31, 9, '25/11/2020', '137.92', 5);

-- --------------------------------------------------------

--
-- Table structure for table `BookingLineItem`
--

CREATE TABLE `BookingLineItem` (
  `BookingLineItemID` int(11) NOT NULL,
  `LineItemName` varchar(255) NOT NULL,
  `LineItemDescription` varchar(255) NOT NULL,
  `LineItemPrice` decimal(12,2) NOT NULL,
  `BookingID` int(11) NOT NULL
) ENGINE=InnoDB DEFAULT CHARSET=latin1;

--
-- Dumping data for table `BookingLineItem`
--

INSERT INTO `BookingLineItem` (`BookingLineItemID`, `LineItemName`, `LineItemDescription`, `LineItemPrice`, `BookingID`) VALUES
(1, 'Belfast-Glasgow', 'Flight Belfast to Glasgow', '24.99', 2),
(2, 'Belfast-Glasgow', 'Flight Belfast to Glasgow', '24.99', 2),
(3, 'Glasgow-Belfast', 'Flight Glasgow to Belfast', '24.99', 2),
(4, 'Glasgow-Belfast', 'Flight Glasgow to Belfast', '24.99', 2),
(5, 'Cabin Baggage', 'One item of carry-on hand luggage', '0.00', 2),
(6, 'Cabin Baggage', 'One item of carry-on hand luggage', '0.00', 2),
(7, 'Cabin Baggage', 'One item of carry-on hand luggage', '0.00', 2),
(8, 'Cabin Baggage', 'One item of carry-on hand luggage', '0.00', 2),
(9, 'Standard Seat', 'Pre-booked Seat in Rows 7-9', '6.99', 2),
(10, 'Standard Seat', 'Pre-booked Seat in Rows 7-9', '6.99', 2),
(11, 'Standard Seat', 'Pre-booked Seat in Rows 7-9', '6.99', 2),
(12, 'Standard Seat', 'Pre-booked Seat in Rows 7-9', '6.99', 2),
(13, '15KG Hold Baggage', 'One item of hold luggae max 15kg', '23.24', 2),
(14, '15KG Hold Baggage', 'One item of hold luggae max 15kg', '23.24', 2),
(15, '15KG Hold Baggage', 'One item of hold luggae max 15kg', '23.24', 2),
(16, '15KG Hold Baggage', 'One item of hold luggae max 15kg', '23.24', 2),
(17, 'Belfast-Glasgow', 'Flight Belfast to Glasgow', '24.99', 4),
(18, 'Glasgow-Belfast', 'Flight Glasgow to Belfast', '24.99', 4),
(19, 'Cabin Baggage', 'One item of carry-on hand luggage', '0.00', 4),
(20, 'Cabin Baggage', 'One item of carry-on hand luggage', '0.00', 4),
(21, 'Upfront Seat', 'Pre-booked Seat in Rows 2-6', '13.49', 4),
(22, 'Upfront Seat', 'Pre-booked Seat in Rows 2-6', '13.49', 4),
(23, 'Belfast-LondonLuton', 'Flight Belfast to London-Luton', '45.99', 6),
(24, 'Belfast-LondonLuton', 'Flight Belfast to London-Luton', '45.99', 6),
(25, 'Belfast-LondonLuton', 'Flight Belfast to London-Luton', '45.99', 6),
(26, 'LondonLuton-Belfast', 'Flight London-Luton to Belfast', '45.99', 6),
(27, 'LondonLuton-Belfast', 'Flight London-Luton to Belfast', '45.99', 6),
(28, 'LondonLuton-Belfast', 'Flight London-Luton to Belfast', '45.99', 6),
(29, 'Cabin Baggage', 'One item of carry-on hand luggage', '0.00', 6),
(30, 'Cabin Baggage', 'One item of carry-on hand luggage', '0.00', 6),
(31, 'Cabin Baggage', 'One item of carry-on hand luggage', '0.00', 6),
(32, '26KG Hold Baggage', 'One item of hold luggae max 26kg', '37.74', 6),
(33, 'Cabin Baggage', 'One item of carry-on hand luggage', '0.00', 6),
(34, 'Cabin Baggage', 'One item of carry-on hand luggage', '0.00', 6),
(35, 'Cabin Baggage', 'One item of carry-on hand luggage', '0.00', 6),
(36, '26KG Hold Baggage', 'One item of hold luggae max 26kg', '37.74', 6),
(37, 'Standard Seat', 'Pre-booked Seat in Rows 14-31', '4.99', 6),
(38, 'Standard Seat', 'Pre-booked Seat in Rows 14-31', '4.99', 6),
(39, 'Standard Seat', 'Pre-booked Seat in Rows 14-31', '4.99', 6),
(40, 'Standard Seat', 'Pre-booked Seat in Rows 14-31', '4.99', 6),
(41, 'Standard Seat', 'Pre-booked Seat in Rows 14-31', '4.99', 6),
(42, 'Standard Seat', 'Pre-booked Seat in Rows 14-31', '4.99', 6),
(43, 'Belfast-LondonLuton', 'Flight Belfast to London-Luton', '45.99', 10),
(44, 'LondonLuton-Belfast', 'Flight London-Luton to Belfast', '36.99', 10),
(45, 'Cabin Baggage', 'One item of carry-on hand luggage', '0.00', 10),
(46, '15KG Hold Baggage', 'One item of hold luggae max 15kg', '23.24', 10),
(47, 'Cabin Baggage', 'One item of carry-on hand luggage', '0.00', 10),
(48, '15KG Hold Baggage', 'One item of hold luggae max 15kg', '23.24', 10),
(49, 'Upfront Seat', 'Pre-booked Seat in Rows 2-6', '13.49', 10),
(50, 'Upfront Seat', 'Pre-booked Seat in Rows 2-6', '13.49', 10),
(51, 'Belfast-LondonLuton', 'Flight Belfast to London-Luton', '45.99', 11),
(52, 'Belfast-LondonLuton', 'Flight Belfast to London-Luton', '45.99', 11),
(53, 'Cabin Baggage', 'One item of carry-on hand luggage', '0.00', 11),
(54, 'Cabin Baggage', 'One item of carry-on hand luggage', '0.00', 11),
(55, 'Upfront Seat', 'Pre-booked Seat in Rows 2-6', '13.49', 11),
(56, 'Upfront Seat', 'Pre-booked Seat in Rows 2-6', '13.49', 11),
(57, 'LondonLuton-Belfast', 'Flight London-Luton to Belfast', '45.99', 11),
(58, 'LondonLuton-Belfast', 'Flight London-Luton to Belfast', '45.99', 11),
(59, 'Cabin Baggage', 'One item of carry-on hand luggage', '0.00', 11),
(60, 'Cabin Baggage', 'One item of carry-on hand luggage', '0.00', 11),
(61, 'Upfront Seat', 'Pre-booked Seat in Rows 2-6', '13.49', 11),
(62, 'Upfront Seat', 'Pre-booked Seat in Rows 2-6', '13.49', 11),
(63, 'Belfast-Krakow', 'Flight from Belfast to Krakow', '24.99', 14),
(64, 'Krakow-Belfast', 'Flight from Krakow to Belfast', '34.99', 14),
(65, 'Cabin Baggage', 'One item of carry-on hand luggage', '0.00', 14),
(66, '29KG Hold Baggage', 'One item of hold luggae max 29kg', '49.24', 14),
(67, 'Standard Seat', 'Pre-booked Seat in Rows 14-31', '4.99', 14),
(68, 'Cabin Baggage', 'One item of carry-on hand luggage', '0.00', 14),
(69, '29KG Hold Baggage', 'One item of hold luggae max 29kg', '49.24', 14),
(70, 'Standard Seat', 'Pre-booked Seat in Rows 14-31', '4.99', 14),
(71, 'Barcelona-Belfast', 'Flight from Barcelona to Belfast', '29.99', 15),
(72, 'Cabin Baggage', 'One item of carry-on hand luggage', '0.00', 15),
(73, '15KG Hold Baggage', 'One item of hold luggae max 15kg', '23.24', 15),
(74, 'Upfront Seat', 'Pre-booked Seat in Rows 2-6', '13.49', 15),
(75, 'Belfast-Barcelona', 'Flight from Belfast to Barcelona', '39.99', 15),
(76, 'Cabin Baggage', 'One item of carry-on hand luggage', '0.00', 15),
(77, '15KG Hold Baggage', 'One item of hold luggae max 15kg', '23.24', 15),
(78, 'Upfront Seat', 'Pre-booked Seat in Rows 2-6', '13.49', 15),
(79, 'Manchester-Bordeaux', 'Flight from Manchester to Bordeaux', '40.99', 16),
(80, 'Manchester-Bordeaux', 'Flight from Manchester to Bordeaux', '40.99', 16),
(81, 'Manchester-Bordeaux', 'Flight from Manchester to Bordeaux', '40.99', 16),
(82, 'Cabin Baggage', 'One item of carry-on hand luggage', '0.00', 16),
(83, 'Cabin Baggage', 'One item of carry-on hand luggage', '0.00', 16),
(84, 'Cabin Baggage', 'One item of carry-on hand luggage', '0.00', 16),
(85, '15KG Hold Baggage', 'One item of hold luggae max 15kg', '23.24', 16),
(86, '15KG Hold Baggage', 'One item of hold luggae max 15kg', '23.24', 16),
(87, '23KG Hold Baggage', 'One item of hold luggae max 23kg', '25.74', 16),
(88, 'Upfront Seat', 'Pre-booked Seat in Rows 2-6', '13.49', 16),
(89, 'Upfront Seat', 'Pre-booked Seat in Rows 2-6', '13.49', 16),
(90, 'Upfront Seat', 'Pre-booked Seat in Rows 2-6', '13.49', 16),
(91, 'Bordeaux-Manchester', 'Flight from Bordeaux to Manchester', '40.99', 16),
(92, 'Bordeaux-Manchester', 'Flight from Bordeaux to Manchester', '40.99', 16),
(93, 'Bordeaux-Manchester', 'Flight from Bordeaux to Manchester', '40.99', 16),
(94, 'Cabin Baggage', 'One item of carry-on hand luggage', '0.00', 16),
(95, 'Cabin Baggage', 'One item of carry-on hand luggage', '0.00', 16),
(96, 'Cabin Baggage', 'One item of carry-on hand luggage', '0.00', 16),
(97, '15KG Hold Baggage', 'One item of hold luggae max 15kg', '23.24', 16),
(98, '15KG Hold Baggage', 'One item of hold luggae max 15kg', '23.24', 16),
(99, '23KG Hold Baggage', 'One item of hold luggae max 23kg', '25.74', 16),
(100, 'Standard Seat', 'Pre-booked Seat in Rows 7-9', '6.99', 16),
(101, 'Standard Seat', 'Pre-booked Seat in Rows 7-9', '6.99', 16),
(102, 'Standard Seat', 'Pre-booked Seat in Rows 7-9', '6.99', 16),
(103, 'Paris Charles De Gaulle - LondonLuton', 'Flight from Paris, Charles de Gaulle to London-Luton', '54.99', 17),
(104, 'Upfront Seat', 'Pre-booked Seat in Rows 2-6', '13.49', 17),
(105, 'Cabin Baggage', 'One item of carry-on hand luggage', '0.00', 17),
(106, 'LondonLuton - Paris Charles De Gaulle', 'Flight from London-Luton to Paris, Charles de Gaulle', '21.99', 17),
(107, 'Cabin Baggage', 'One item of carry-on hand luggage', '0.00', 17),
(108, 'Upfront Seat', 'Pre-booked Seat in Rows 2-6', '13.49', 17),
(109, 'Belfast-LondonLuton', 'Flight Belfast to London-Luton', '45.99', 18),
(110, 'Cabin Baggage', 'One item of carry-on hand luggage', '0.00', 18),
(111, 'Upfront Seat', 'Pre-booked Seat in Rows 2-6', '13.49', 18),
(112, 'LondonLuton-Belfast', 'Flight London-Luton to Belfast', '45.99', 18),
(113, 'Cabin Baggage', 'One item of carry-on hand luggage', '0.00', 18),
(114, 'Upfront Seat', 'Pre-booked Seat in Rows 2-6', '13.49', 18),
(115, 'Belfast-Barcelona', 'Flight from Belfast to Barcelona', '39.99', 19),
(116, 'Cabin Baggage', 'One item of carry-on hand luggage', '0.00', 19),
(117, 'Medium Sports Equipment', 'One item of Medium Sized Sports Equipment: Ski and or boots, snowboard', '37.00', 19),
(118, 'Small Sports Equipment', 'One item of Small Sized Sports Equipment: Gold Bag, Sporting Firearm, Other Small sports equipment', '32.00', 19),
(119, 'Extra LegRoom Seat', 'Pre-booked Seat Extra-legroom -Row 1', '20.99', 19),
(120, 'Glasgow-Manchester', 'Flight from Glasgow to Manchester', '24.99', 20),
(121, 'Glasgow-Manchester', 'Flight from Glasgow to Manchester', '24.99', 20),
(122, 'Cabin Baggage', 'One item of carry-on hand luggage', '0.00', 20),
(123, 'Cabin Baggage', 'One item of carry-on hand luggage', '0.00', 20),
(124, '23KG Hold Baggage', 'One item of hold luggae max 23kg', '25.74', 20),
(125, 'Standard Seat', 'Pre-booked Seat in Rows 7-9', '6.99', 20),
(126, 'Standard Seat', 'Pre-booked Seat in Rows 7-9', '6.99', 20),
(127, 'Manchester-Glasgow', 'Flight from Manchester to Glasgow', '24.99', 20),
(128, 'Manchester-Glasgow', 'Flight from Manchester to Glasgow', '24.99', 20),
(129, 'Cabin Baggage', 'One item of carry-on hand luggage', '0.00', 20),
(130, 'Cabin Baggage', 'One item of carry-on hand luggage', '0.00', 20),
(131, '23KG Hold Baggage', 'One item of hold luggae max 23kg', '25.74', 20),
(132, 'Standard Seat', 'Pre-booked Seat in Rows 7-9', '6.99', 20),
(133, 'Standard Seat', 'Pre-booked Seat in Rows 7-9', '6.99', 20),
(134, 'Belfast-Krakow', 'Flight from Belfast to Krakow', '24.99', 22),
(135, 'Belfast-Krakow', 'Flight from Belfast to Krakow', '24.99', 22),
(136, 'Cabin Baggage', 'One item of carry-on hand luggage', '0.00', 22),
(137, 'Cabin Baggage', 'One item of carry-on hand luggage', '0.00', 22),
(138, 'Standard Seat', 'Pre-booked Seat in Rows 7-9', '6.99', 22),
(139, 'Standard Seat', 'Pre-booked Seat in Rows 7-9', '6.99', 22),
(140, 'Krakow-Belfast', 'Flight from Krakow to Belfast', '29.99', 22),
(141, 'Krakow-Belfast', 'Flight from Krakow to Belfast', '29.99', 22),
(142, 'Cabin Baggage', 'One item of carry-on hand luggage', '0.00', 22),
(143, 'Cabin Baggage', 'One item of carry-on hand luggage', '0.00', 22),
(144, 'Standard Seat', 'Pre-booked Seat in Rows 7-9', '6.99', 22),
(145, 'Standard Seat', 'Pre-booked Seat in Rows 7-9', '6.99', 22),
(146, 'Belfast-Krakow', 'Flight from Belfast to Krakow', '24.99', 13),
(147, 'Belfast-Krakow', 'Flight from Belfast to Krakow', '24.99', 13),
(148, 'Belfast-Krakow', 'Flight from Belfast to Krakow', '24.99', 13),
(149, 'Belfast-Krakow', 'Flight from Belfast to Krakow', '24.99', 13),
(150, 'Cabin Baggage', 'One item of carry-on hand luggage', '0.00', 13),
(151, 'Cabin Baggage', 'One item of carry-on hand luggage', '0.00', 13),
(152, 'Cabin Baggage', 'One item of carry-on hand luggage', '0.00', 13),
(153, 'Standard Seat', 'Pre-booked Seat in Rows 14-31', '4.99', 13),
(154, 'Standard Seat', 'Pre-booked Seat in Rows 14-31', '4.99', 13),
(155, 'Standard Seat', 'Pre-booked Seat in Rows 14-31', '4.99', 13),
(156, 'Krakow-Belfast', 'Flight from Krakow to Belfast', '29.99', 13),
(157, 'Krakow-Belfast', 'Flight from Krakow to Belfast', '29.99', 13),
(158, 'Krakow-Belfast', 'Flight from Krakow to Belfast', '29.99', 13),
(159, 'Krakow-Belfast', 'Flight from Krakow to Belfast', '29.99', 13),
(160, 'Standard Seat', 'Pre-booked Seat in Rows 14-31', '4.99', 13),
(161, 'Standard Seat', 'Pre-booked Seat in Rows 14-31', '4.99', 13),
(162, 'Standard Seat', 'Pre-booked Seat in Rows 14-31', '4.99', 13),
(163, 'Cabin Baggage', 'One item of carry-on hand luggage', '0.00', 13),
(164, 'Cabin Baggage', 'One item of carry-on hand luggage', '0.00', 13),
(165, 'Cabin Baggage', 'One item of carry-on hand luggage', '0.00', 13);

-- --------------------------------------------------------

--
-- Table structure for table `CardType`
--

CREATE TABLE `CardType` (
  `CardTypeID` int(11) NOT NULL,
  `CardTypeName` varchar(255) NOT NULL
) ENGINE=InnoDB DEFAULT CHARSET=latin1;

--
-- Dumping data for table `CardType`
--

INSERT INTO `CardType` (`CardTypeID`, `CardTypeName`) VALUES
(1, 'Mastercard'),
(2, 'Visa Credit'),
(3, 'Visa Debit'),
(4, 'American Express');

-- --------------------------------------------------------

--
-- Table structure for table `ContactInfo`
--

CREATE TABLE `ContactInfo` (
  `ContactID` int(11) NOT NULL,
  `TelephoneNumber` varchar(255) NOT NULL,
  `MobilePhoneNumber` varchar(255) NOT NULL,
  `EmailAddress` varchar(255) NOT NULL,
  `IntlDailCode` varchar(255) NOT NULL
) ENGINE=InnoDB DEFAULT CHARSET=latin1;

--
-- Dumping data for table `ContactInfo`
--

INSERT INTO `ContactInfo` (`ContactID`, `TelephoneNumber`, `MobilePhoneNumber`, `EmailAddress`, `IntlDailCode`) VALUES
(1, '', '07712522405', 'CharlesJCalderon@armyspy.com', '0044'),
(3, '', '078 1954 4188', 'DarrenMWeaver@jourrapide.com', '+44'),
(4, '', '078 4121 6712', 'PearlGBrewer@dayrep.com', '+44'),
(5, '077 0205 0372', '077 0205 0372', 'MarthaCThompson@armyspy.com', '+44'),
(6, '', '078 4081 5960', 'MatildaFraser@dayrep.com', '+44'),
(7, '04.31.14.42.24', '', 'ZdenekPerillard@jourrapide.com', '33'),
(8, '69 599 45 36', '', 'WiktoriaCzerwinska@armyspy.com', '48'),
(9, '', '040 29 79 77', 'KatrinFrei@armyspy.com', '49'),
(10, '779 257 356', '779 257 356', 'ErinAlexander@teleworm.es', '34'),
(11, '01.13.38.34.24', '', 'TheodoreBergeron@teleworm.us', '33'),
(12, '90 655423', '077 7725 6707', 'CobyDocherty@rhyta.com', '44');

-- --------------------------------------------------------

--
-- Table structure for table `Country`
--

CREATE TABLE `Country` (
  `CountryID` int(11) NOT NULL,
  `CountryName` varchar(255) NOT NULL
) ENGINE=InnoDB DEFAULT CHARSET=latin1;

--
-- Dumping data for table `Country`
--

INSERT INTO `Country` (`CountryID`, `CountryName`) VALUES
(1, 'Northern Ireland'),
(2, 'Scotland'),
(3, 'England'),
(4, 'France'),
(5, 'Germany'),
(6, 'Spain'),
(7, 'Poland');

-- --------------------------------------------------------

--
-- Table structure for table `DepartureAirport`
--

CREATE TABLE `DepartureAirport` (
  `DepartureAirportID` int(11) NOT NULL,
  `AirportID` int(11) NOT NULL
) ENGINE=InnoDB DEFAULT CHARSET=latin1;

--
-- Dumping data for table `DepartureAirport`
--

INSERT INTO `DepartureAirport` (`DepartureAirportID`, `AirportID`) VALUES
(1, 1),
(2, 2),
(3, 3),
(4, 4),
(5, 5),
(6, 6),
(7, 7),
(8, 8),
(9, 9),
(10, 10);

-- --------------------------------------------------------

--
-- Table structure for table `EasyJetAccount`
--

CREATE TABLE `EasyJetAccount` (
  `EasyjetAccountID` int(11) NOT NULL,
  `EasyjetUsername` varchar(255) NOT NULL,
  `EasyjetPassword` varbinary(255) NOT NULL,
  `AddressID` int(11) NOT NULL,
  `ContactID` int(11) NOT NULL
) ENGINE=InnoDB DEFAULT CHARSET=latin1;

--
-- Dumping data for table `EasyJetAccount`
--

INSERT INTO `EasyJetAccount` (`EasyjetAccountID`, `EasyjetUsername`, `EasyjetPassword`, `AddressID`, `ContactID`) VALUES
(1, 'CCalderon46', 0x266388b8c4043d15406d3da0a81a2335, 27, 1),
(3, 'Qualry1954', 0x425c1244076e6a0d9b4f62da471bf6d1, 28, 3),
(6, 'Vipinted', 0x7f86b4ef427af0e2d6e0471a5a81fb44, 29, 4),
(9, 'MarthaT81', 0xc4024cef78c1c5e09b93dd699fb7ab5e, 31, 5),
(10, 'Linne1960', 0xc412148265fb754ebd1c2238a56b512b, 32, 6),
(12, 'Wereaujubmis', 0xd20cae0e50a13f26c8c6c877f6581098, 33, 7),
(13, 'Wasonever', 0x8545565b613387b33896e91581f305f2, 34, 8),
(14, 'FreiKatrin54', 0xb4ed5f6d8ad08b2a7961bac8b1299cc6, 35, 9),
(15, 'Andoon', 0xf670df075a7fc928894f94e8d1c5acd4, 36, 10),
(16, 'TheoBerg', 0xa0b7a13fd32da0c44d33d7759de3592c, 37, 11),
(17, 'Cdocherty97', 0x77ffae0f37e80538f4fb87c56f9526c3, 38, 12);

-- --------------------------------------------------------

--
-- Table structure for table `Flight`
--

CREATE TABLE `Flight` (
  `FlightID` int(11) NOT NULL,
  `RouteID` int(11) NOT NULL,
  `DepartureDate` date NOT NULL,
  `DepartureTime` time NOT NULL,
  `ArrivalDate` date NOT NULL,
  `ArrivalTime` time NOT NULL,
  `FlightPrice` decimal(12,2) NOT NULL,
  `AircraftID` int(11) NOT NULL
) ENGINE=InnoDB DEFAULT CHARSET=latin1;

--
-- Dumping data for table `Flight`
--

INSERT INTO `Flight` (`FlightID`, `RouteID`, `DepartureDate`, `DepartureTime`, `ArrivalDate`, `ArrivalTime`, `FlightPrice`, `AircraftID`) VALUES
(1, 1, '2020-12-06', '07:30:00', '2020-12-06', '08:05:00', '24.99', 1),
(2, 1, '2020-12-06', '12:30:00', '2020-12-06', '13:05:00', '36.99', 1),
(3, 1, '2020-12-06', '17:30:00', '2020-12-06', '18:05:00', '17.99', 1),
(4, 2, '2020-12-13', '08:30:00', '2020-12-13', '09:05:00', '24.99', 1),
(5, 2, '2020-12-13', '13:30:00', '2020-12-13', '14:05:00', '36.99', 1),
(6, 2, '2020-12-13', '18:30:00', '2020-12-13', '20:05:00', '17.99', 1),
(7, 3, '2020-12-06', '09:00:00', '2020-12-06', '10:20:00', '45.99', 2),
(8, 3, '2020-12-06', '13:00:00', '2020-12-06', '14:20:00', '45.99', 2),
(9, 4, '2020-12-06', '11:00:00', '2020-12-06', '12:20:00', '45.99', 2),
(10, 4, '2020-12-06', '15:00:00', '2020-12-06', '16:20:00', '45.99', 2),
(11, 6, '2020-12-14', '13:00:00', '2020-12-14', '17:20:00', '40.99', 3),
(12, 7, '2020-12-06', '07:35:00', '2020-12-06', '08:10:00', '24.99', 4),
(13, 8, '2020-12-06', '08:30:00', '2020-12-06', '09:05:00', '24.99', 4),
(14, 9, '2020-12-14', '12:30:00', '2020-12-14', '15:30:00', '36.99', 5),
(15, 10, '2020-12-07', '07:30:00', '2020-12-07', '11:00:00', '36.99', 5),
(16, 5, '2020-12-07', '07:30:00', '2020-12-07', '11:50:00', '40.99', 3),
(17, 11, '2020-12-07', '09:30:00', '2020-12-08', '12:30:00', '29.99', 6),
(18, 11, '2020-12-08', '09:30:00', '2020-12-08', '12:30:00', '39.99', 6),
(19, 11, '2020-12-08', '09:30:00', '2020-12-08', '12:30:00', '29.99', 6),
(20, 12, '2020-12-07', '15:30:00', '2020-12-07', '18:30:00', '39.99', 6),
(21, 12, '2020-12-08', '15:30:00', '2020-12-09', '18:30:00', '39.99', 6),
(22, 12, '2020-12-09', '15:30:00', '2020-12-09', '18:30:00', '39.99', 6),
(23, 13, '2020-12-06', '09:30:00', '2020-12-06', '11:35:00', '54.99', 7),
(24, 13, '2020-12-13', '09:30:00', '2020-12-13', '11:35:00', '24.99', 7),
(25, 13, '2020-12-20', '09:30:00', '2020-12-20', '11:35:00', '21.99', 7),
(26, 14, '2020-12-06', '12:30:00', '2020-12-06', '14:35:00', '54.99', 7),
(27, 14, '2020-12-13', '12:30:00', '2020-12-13', '14:35:00', '24.99', 7),
(28, 14, '2020-12-20', '12:30:00', '2020-12-20', '14:35:00', '21.99', 7),
(29, 15, '2020-12-06', '09:00:00', '2020-12-06', '13:00:00', '24.99', 8),
(30, 15, '2020-12-08', '09:00:00', '2020-12-07', '13:00:00', '34.99', 8),
(31, 15, '2020-12-09', '09:00:00', '2020-12-08', '13:05:00', '29.99', 8),
(32, 16, '2020-12-06', '15:00:00', '2020-12-06', '19:00:00', '24.99', 8),
(33, 16, '2020-12-08', '15:00:00', '2020-12-07', '19:00:00', '34.99', 8),
(34, 16, '2020-12-09', '15:00:00', '2020-12-08', '19:05:00', '29.99', 8);

-- --------------------------------------------------------

--
-- Table structure for table `LuggageType`
--

CREATE TABLE `LuggageType` (
  `LuggageTypeID` int(11) NOT NULL,
  `LuggageTypeName` varchar(255) NOT NULL,
  `LuggageTypeWeight` varchar(255) NOT NULL,
  `LuggageTypePrice` decimal(12,2) NOT NULL
) ENGINE=InnoDB DEFAULT CHARSET=latin1;

--
-- Dumping data for table `LuggageType`
--

INSERT INTO `LuggageType` (`LuggageTypeID`, `LuggageTypeName`, `LuggageTypeWeight`, `LuggageTypePrice`) VALUES
(1, 'Cabin Baggage', 'No Weight Restriction', '0.00'),
(2, 'Hold Baggage', '15KG', '23.24'),
(3, 'Hold Baggage', '23KG', '25.74'),
(4, 'Hold Baggage', '26KG', '37.74'),
(5, 'Hold Baggage', '29KG', '49.74'),
(6, 'Hold Baggage', '32KG', '61.74'),
(7, 'Large Sports Equipment', '', '45.00'),
(8, 'Medium Sports Equipment', '', '37.00'),
(9, 'Small Sports Equipment', '', '32.00');

-- --------------------------------------------------------

--
-- Table structure for table `Passenger`
--

CREATE TABLE `Passenger` (
  `PassengerID` int(11) NOT NULL,
  `PassengerFirstName` varchar(255) NOT NULL,
  `PassengerSurname` varchar(255) NOT NULL,
  `PassportNumber` varbinary(255) NOT NULL,
  `AgeID` int(11) NOT NULL,
  `BookingID` int(11) NOT NULL,
  `FlightID` int(11) NOT NULL,
  `SeatPlanID` int(11) NOT NULL
) ENGINE=InnoDB DEFAULT CHARSET=latin1;

--
-- Dumping data for table `Passenger`
--

INSERT INTO `Passenger` (`PassengerID`, `PassengerFirstName`, `PassengerSurname`, `PassportNumber`, `AgeID`, `BookingID`, `FlightID`, `SeatPlanID`) VALUES
(1, 'Charles', 'Calderon', 0xba8b556c333cbf262a932cfdd44ce089, 3, 2, 1, 38),
(2, 'Ciara', 'Calderon', 0xf7a6a3b1a38275cca429c7941a1fd8cd, 3, 2, 1, 39),
(3, 'Charles', 'Calderon', 0xba8b556c333cbf262a932cfdd44ce089, 3, 2, 4, 38),
(4, 'Ciara', 'Calderon', 0xf7a6a3b1a38275cca429c7941a1fd8cd, 3, 2, 4, 39),
(5, 'Darren', 'Weaver', 0x37297d7df832a0dcf21f7d853e52ae57, 3, 4, 1, 9),
(6, 'Darren', 'Weaver', 0x37297d7df832a0dcf21f7d853e52ae57, 3, 4, 4, 9),
(7, 'Pearl', 'Brewer', 0xe92ab6504951ebbd1c3da3c737358826, 3, 6, 8, 121),
(8, 'Pearl', 'Brewer', 0xe92ab6504951ebbd1c3da3c737358826, 3, 6, 10, 178),
(9, 'Jim', 'Brewer', 0xeb02846781951945829446174fca2c22, 3, 6, 8, 122),
(10, 'Jim', 'Brewer', 0xeb02846781951945829446174fca2c22, 3, 6, 10, 179),
(11, 'Stephen', 'Brewer', 0x105c6d7ec7b4719eba7748503772f482, 2, 6, 8, 123),
(12, 'Stephen', 'Brewer', 0x105c6d7ec7b4719eba7748503772f482, 2, 6, 10, 180),
(13, 'Martha', 'Thompson', 0x032f68d4f36d3f5aa1c75b071627f1de, 3, 10, 7, 13),
(14, 'Martha', 'Thompson', 0x032f68d4f36d3f5aa1c75b071627f1de, 3, 10, 14, 26),
(15, 'Matilda', 'Fraser', 0xf732c01e02fc8010e54772fa0bee4dad, 3, 11, 10, 28),
(16, 'Matilda', 'Fraser', 0xf732c01e02fc8010e54772fa0bee4dad, 3, 11, 9, 15),
(17, 'Geoff', 'Fraser', 0x66e43c150450566343bb332906a027ad, 3, 11, 10, 29),
(18, 'Geoff', 'Fraser', 0x66e43c150450566343bb332906a027ad, 3, 11, 9, 16),
(19, 'Wiktoria', 'Czerwinska', 0x5b17a7211c9ba045aed39a55b831db98, 3, 14, 29, 165),
(20, 'Wiktoria', 'Czerwinska', 0x5b17a7211c9ba045aed39a55b831db98, 3, 14, 33, 148),
(22, 'Katrin', 'Frei', 0x35d498e14861e2348c0ac9d56f030d95, 3, 15, 17, 34),
(23, 'Katrin', 'Frei', 0x35d498e14861e2348c0ac9d56f030d95, 3, 15, 21, 34),
(24, 'Erin', 'Alexander', 0x23342b6cf0864b1bd20845dbd62ed180, 3, 16, 16, 27),
(25, 'Kieth', 'Alexander', 0x23342b6cf0864b1bd20845dbd62ed180, 3, 16, 16, 28),
(26, 'Julie', 'Alexander', 0x23342b6cf0864b1bd20845dbd62ed180, 2, 16, 16, 29),
(27, 'Erin', 'Alexander', 0x23342b6cf0864b1bd20845dbd62ed180, 3, 16, 11, 42),
(28, 'Kieth', 'Alexander', 0x23342b6cf0864b1bd20845dbd62ed180, 3, 16, 11, 43),
(29, 'Julie', 'Alexander', 0x23342b6cf0864b1bd20845dbd62ed180, 2, 16, 11, 44),
(30, 'Théodore', 'Bergernon', 0x436750ac36d545c1bce4746587e0f82c, 3, 17, 23, 11),
(31, 'Théodore', 'Bergernon', 0x436750ac36d545c1bce4746587e0f82c, 3, 17, 28, 11),
(32, 'Coby', 'Docherty', 0xe4f57deb773794d1f55166ffc7cea05b, 3, 18, 7, 32),
(33, 'Coby', 'Docherty', 0xe4f57deb773794d1f55166ffc7cea05b, 3, 18, 10, 32),
(34, 'Charles', 'Calderon', 0xba8b556c333cbf262a932cfdd44ce089, 3, 19, 21, 4),
(35, 'Darren', 'Weaver', 0x37297d7df832a0dcf21f7d853e52ae57, 3, 20, 12, 56),
(36, 'Bertie', 'Weaver', 0x0e9171d1662b14624f19ea1e2adbf1ec, 3, 20, 12, 57),
(37, 'Darren', 'Weaver', 0x37297d7df832a0dcf21f7d853e52ae57, 3, 20, 13, 56),
(38, 'Bertie', 'Weaver', 0x0e9171d1662b14624f19ea1e2adbf1ec, 3, 20, 13, 57),
(40, 'Martha', 'Thompson', 0x696e98db90bcb3c4266f700b236646d3, 3, 22, 29, 44),
(41, 'Karren', 'Thompson', 0x032f68d4f36d3f5aa1c75b071627f1de, 3, 22, 29, 45),
(42, 'Martha', 'Thompson', 0x696e98db90bcb3c4266f700b236646d3, 3, 22, 34, 44),
(43, 'Karren', 'Thompson', 0x032f68d4f36d3f5aa1c75b071627f1de, 3, 22, 34, 45),
(44, 'Zdenek', 'Perillard', 0x9df833598f8e3967f2c2bba0e28bc9d8, 3, 13, 29, 79),
(45, 'Krys', 'Perillard', 0x81b55715726d837addb66d1ac9070078, 3, 13, 29, 80),
(46, 'Yosef', 'Perillard', 0xba8f509c6f393d5a2cce81fe892ce6f6, 2, 13, 29, 81),
(47, 'Piotar', 'Perillard', 0xc7152eb6e4867c589a859c099c7dce6b, 1, 13, 29, 187),
(48, 'Zdenek', 'Perillard', 0x9df833598f8e3967f2c2bba0e28bc9d8, 3, 13, 34, 79),
(49, 'Krys', 'Perillard', 0x81b55715726d837addb66d1ac9070078, 3, 13, 34, 80),
(50, 'Yosef', 'Perillard', 0xba8f509c6f393d5a2cce81fe892ce6f6, 2, 13, 34, 81),
(51, 'Piotar', 'Perillard', 0xc7152eb6e4867c589a859c099c7dce6b, 1, 13, 34, 187);

-- --------------------------------------------------------

--
-- Table structure for table `PassengerLuggage`
--

CREATE TABLE `PassengerLuggage` (
  `PassengerID` int(11) NOT NULL,
  `LuggageTypeID` int(11) NOT NULL
) ENGINE=InnoDB DEFAULT CHARSET=latin1;

--
-- Dumping data for table `PassengerLuggage`
--

INSERT INTO `PassengerLuggage` (`PassengerID`, `LuggageTypeID`) VALUES
(1, 1),
(2, 1),
(3, 1),
(4, 1),
(1, 2),
(2, 2),
(3, 2),
(4, 2),
(5, 1),
(6, 1),
(7, 1),
(7, 4),
(8, 1),
(9, 1),
(10, 1),
(10, 4),
(11, 1),
(12, 1),
(13, 1),
(14, 1),
(13, 2),
(14, 2),
(15, 1),
(16, 1),
(17, 1),
(18, 1),
(15, 7),
(16, 7),
(17, 7),
(18, 7),
(19, 1),
(20, 1),
(19, 5),
(20, 5),
(22, 1),
(23, 1),
(22, 2),
(23, 2),
(24, 1),
(25, 1),
(26, 1),
(27, 1),
(28, 1),
(29, 1),
(24, 2),
(25, 2),
(26, 3),
(27, 2),
(28, 2),
(29, 3),
(30, 1),
(31, 1),
(32, 1),
(33, 1),
(34, 1),
(34, 8),
(34, 9),
(35, 1),
(36, 1),
(37, 1),
(38, 1),
(35, 3),
(37, 3),
(40, 1),
(41, 1),
(42, 1),
(43, 1),
(44, 1),
(45, 1),
(46, 1),
(48, 1),
(49, 1),
(50, 1);

-- --------------------------------------------------------

--
-- Table structure for table `Payment`
--

CREATE TABLE `Payment` (
  `PaymentID` int(11) NOT NULL,
  `CardTypeID` int(11) NOT NULL,
  `CardNumber` varbinary(255) NOT NULL,
  `CardholderName` varchar(255) NOT NULL,
  `ExpiryDate` varbinary(255) NOT NULL,
  `CVVSecurity` varbinary(255) NOT NULL
) ENGINE=InnoDB DEFAULT CHARSET=latin1;

--
-- Dumping data for table `Payment`
--

INSERT INTO `Payment` (`PaymentID`, `CardTypeID`, `CardNumber`, `CardholderName`, `ExpiryDate`, `CVVSecurity`) VALUES
(1, 1, 0x21b748dfb32ec71425f45c6aea98ae5e6a873ed24c3d046bce9c886fea4231f6, 'Charles Calderon', 0xe7d046ddc7f2912192fed28841de04ec, 0xf20bf5aafa9bc8b07f1f3f014566424e),
(2, 2, 0xeb263471c750df98d9263253c121c0953f1af1a16db4fad2031a2fa3b0c44d13, 'Darren M Weaver', 0x24bbb1d0cd5324d3b34ebb3418711fe2, 0xc0bd8d03af732ad8fa335c32353c42be),
(4, 2, 0x0bbc9b7f1da6f55365a98f54eb8ecf3a3b70759dec610c46b55c70fc1890847b, 'Pearl Brewer', 0xb0b2c3acc6b519a18f20fe80a1f34c18, 0xb8743c3631430618c9a41738b7802c56),
(5, 4, 0x7ab1e608138f56936fb95c511d679c08cac55928abbb74570573b0ceb00014c9, 'Martha C Thompson', 0x4effb10a8899dbfb8ea78be4131b17d0, 0xc3178b350537ae6956f4b8fb2db53765),
(6, 1, 0xb96cf718846999dea510b35ac50a4d48070cd8e0b25e6485a8c2bcc2a22c9449, 'Matilda Fraser', 0x0ee18582c954db72a7037fe0ee3f6367, 0x363b9ef70c1dfc0a5c7fc4ac31058db6),
(7, 3, 0xdc8a3470e0107063020a7327ace239df272a2f21598ba291e18677d3981e9279, 'Zdenek Perillard', 0xf5a94f8be78c2927d662902f6f4cbe2d, 0x2707f13f726c3e35ee3eefb96fa08f04),
(8, 1, 0x6acc027d9f9f036ade294ade00107736ecbbc1a2627e6674a2b8a2f18eb689e9, 'Wiktoria Czerwinska', 0xe940811c696ee18e13b31bbe861b9c29, 0xe0e533e4d600503993e079336b8eaf75),
(9, 1, 0x7ce21eb28beaaa31ecd56e684724cfb15c1c9ea682abc77b2966cd02c4984b6e, 'Katrin Frei', 0x51e64afe18909574fd31f30add56755a, 0xdaaca323b519f13107922407b6ded021),
(10, 2, 0x912a01be23d9ce0ad9147be9606b7c1b70e05b2e1bf7f18b54fbb361972cc60f, 'Erin Alexander', 0xb4e25bfd1157d2a03c63d14a6f48dca9, 0xc2c8b5b8cbbf9dce8d51a5e76f9cfc4b),
(11, 3, 0x97ff7faf34181a888421aa488c86f05ea27f44588dc6637436b65824a8e9ed0a, 'Théodore Bergeron', 0x3b498726bf1e502ca0601b67153c83e3, 0x6cff9555059a89a42f81ec6f1bc30664),
(12, 2, 0xc60afe2c9c2f599a0adca3c930a48172399fe914daaafdd2c30ade336862b743, 'Coby Docherty', 0x8240280e2e6ea29eb5fd4afd991a079d, 0x6063b32cfdb728529291ee922f4ce702);

-- --------------------------------------------------------

--
-- Table structure for table `Route`
--

CREATE TABLE `Route` (
  `RouteID` int(11) NOT NULL,
  `RouteName` varchar(255) NOT NULL,
  `DepartureAirportID` int(11) NOT NULL,
  `ArrivalAirportID` int(11) NOT NULL
) ENGINE=InnoDB DEFAULT CHARSET=latin1;

--
-- Dumping data for table `Route`
--

INSERT INTO `Route` (`RouteID`, `RouteName`, `DepartureAirportID`, `ArrivalAirportID`) VALUES
(1, 'BFSGLA', 1, 2),
(2, 'GLABFS', 2, 1),
(3, 'BFSLTN', 1, 3),
(4, 'LTNBFS', 3, 1),
(5, 'MANBOD', 4, 5),
(6, 'BODMAN', 5, 4),
(7, 'GLAMAN', 2, 4),
(8, 'MANGLA', 4, 2),
(9, 'EDIHAM', 7, 8),
(10, 'HAMEDI', 8, 7),
(11, 'BCNBFS', 6, 1),
(12, 'BFSBCN', 1, 6),
(13, 'CDGLTN', 9, 3),
(14, 'LTNCDG', 3, 9),
(15, 'BFSKRK', 1, 10),
(16, 'KRKBFS', 10, 1);

-- --------------------------------------------------------

--
-- Table structure for table `SeatPlan`
--

CREATE TABLE `SeatPlan` (
  `SeatPlanID` int(11) NOT NULL,
  `SeatNumber` varchar(255) NOT NULL,
  `SeatRow` varchar(255) NOT NULL,
  `SeatPrice` decimal(12,2) NOT NULL,
  `RestrictedSeat` tinyint(1) NOT NULL
) ENGINE=InnoDB DEFAULT CHARSET=latin1;

--
-- Dumping data for table `SeatPlan`
--

INSERT INTO `SeatPlan` (`SeatPlanID`, `SeatNumber`, `SeatRow`, `SeatPrice`, `RestrictedSeat`) VALUES
(1, '1', 'A', '20.99', 1),
(2, '1', 'B', '20.99', 1),
(3, '1', 'C', '20.99', 1),
(4, '1', 'D', '20.99', 1),
(5, '1', 'E', '20.99', 0),
(6, '1', 'F', '20.99', 0),
(7, '2', 'A', '13.49', 0),
(8, '2', 'B', '13.49', 0),
(9, '2', 'C', '13.49', 0),
(10, '2', 'D', '13.49', 0),
(11, '2', 'E', '13.49', 0),
(12, '2', 'F', '13.49', 0),
(13, '3', 'A', '13.49', 0),
(14, '3', 'B', '13.49', 0),
(15, '3', 'C', '13.49', 0),
(16, '3', 'D', '13.49', 0),
(17, '3', 'E', '13.49', 0),
(18, '3', 'F', '13.49', 0),
(19, '4', 'A', '13.49', 0),
(20, '4', 'B', '13.49', 0),
(21, '4', 'C', '13.49', 0),
(22, '4', 'D', '13.49', 0),
(23, '4', 'E', '13.49', 0),
(24, '4', 'F', '13.49', 0),
(25, '5', 'A', '13.49', 0),
(26, '5', 'B', '13.49', 0),
(27, '5', 'C', '13.49', 0),
(28, '5', 'D', '13.49', 0),
(29, '5', 'E', '13.49', 0),
(30, '5', 'F', '13.49', 0),
(31, '6', 'A', '13.49', 0),
(32, '6', 'B', '13.49', 0),
(33, '6', 'C', '13.49', 0),
(34, '6', 'D', '13.49', 0),
(35, '6', 'E', '13.49', 0),
(36, '6', 'F', '13.49', 0),
(37, '7', 'A', '6.99', 0),
(38, '7', 'B', '6.99', 0),
(39, '7', 'C', '6.99', 0),
(40, '7', 'D', '6.99', 0),
(41, '7', 'E', '6.99', 0),
(42, '7', 'F', '6.99', 0),
(43, '8', 'A', '6.99', 0),
(44, '8', 'B', '6.99', 0),
(45, '8', 'C', '6.99', 0),
(46, '8', 'D', '6.99', 0),
(47, '8', 'E', '6.99', 0),
(48, '8', 'F', '6.99', 0),
(49, '9', 'A', '6.99', 0),
(50, '9', 'B', '6.99', 0),
(51, '9', 'C', '6.99', 0),
(52, '9', 'D', '6.99', 0),
(53, '9', 'E', '6.99', 0),
(54, '9', 'F', '6.99', 0),
(55, '10', 'A', '6.99', 0),
(56, '10', 'B', '6.99', 0),
(57, '10', 'C', '6.99', 0),
(58, '10', 'D', '6.99', 0),
(59, '10', 'E', '6.99', 0),
(60, '10', 'F', '6.99', 0),
(61, '11', 'A', '6.99', 0),
(62, '11', 'B', '6.99', 0),
(63, '11', 'C', '6.99', 0),
(64, '11', 'D', '6.99', 0),
(65, '11', 'E', '6.99', 0),
(66, '11', 'F', '6.99', 0),
(67, '12', 'A', '15.49', 1),
(68, '12', 'B', '15.49', 1),
(69, '12', 'C', '15.49', 1),
(70, '12', 'D', '15.49', 1),
(71, '12', 'E', '15.49', 1),
(72, '12', 'F', '15.49', 1),
(73, '13', 'A', '15.49', 1),
(74, '13', 'B', '15.49', 1),
(75, '13', 'C', '15.49', 1),
(76, '13', 'D', '15.49', 1),
(77, '13', 'E', '15.49', 1),
(78, '13', 'F', '15.49', 1),
(79, '14', 'A', '4.99', 0),
(80, '14', 'B', '4.99', 0),
(81, '14', 'C', '4.99', 0),
(82, '14', 'D', '4.99', 0),
(83, '14', 'E', '4.99', 0),
(84, '14', 'F', '4.99', 0),
(85, '15', 'A', '4.99', 0),
(86, '15', 'B', '4.99', 0),
(87, '15', 'C', '4.99', 0),
(88, '15', 'D', '4.99', 0),
(89, '15', 'E', '4.99', 0),
(90, '15', 'F', '4.99', 0),
(91, '16', 'A', '4.99', 0),
(92, '16', 'B', '4.99', 0),
(93, '16', 'C', '4.99', 0),
(94, '16', 'D', '4.99', 0),
(95, '16', 'E', '4.99', 0),
(96, '16', 'F', '4.99', 0),
(97, '17', 'A', '4.99', 0),
(98, '17', 'B', '4.99', 0),
(99, '17', 'C', '4.99', 0),
(100, '17', 'D', '4.99', 0),
(101, '17', 'E', '4.99', 0),
(102, '17', 'F', '4.99', 0),
(103, '18', 'A', '4.99', 0),
(104, '18', 'B', '4.99', 0),
(105, '18', 'C', '4.99', 0),
(106, '18', 'D', '4.99', 0),
(107, '18', 'E', '4.99', 0),
(108, '18', 'F', '4.99', 0),
(109, '19', 'A', '4.99', 0),
(110, '19', 'B', '4.99', 0),
(111, '19', 'C', '4.99', 0),
(112, '19', 'D', '4.99', 0),
(113, '19', 'E', '4.99', 0),
(114, '19', 'F', '4.99', 0),
(115, '20', 'A', '4.99', 0),
(116, '20', 'B', '4.99', 0),
(117, '20', 'C', '4.99', 0),
(118, '20', 'D', '4.99', 0),
(119, '20', 'E', '4.99', 0),
(120, '20', 'F', '4.99', 0),
(121, '21', 'A', '4.99', 0),
(122, '21', 'B', '4.99', 0),
(123, '21', 'C', '4.99', 0),
(124, '21', 'D', '4.99', 0),
(125, '21', 'E', '4.99', 0),
(126, '21', 'F', '4.99', 0),
(127, '22', 'A', '4.99', 0),
(128, '22', 'B', '4.99', 0),
(129, '22', 'C', '4.99', 0),
(130, '22', 'D', '4.99', 0),
(131, '22', 'E', '4.99', 0),
(132, '22', 'F', '4.99', 0),
(133, '23', 'A', '4.99', 0),
(134, '23', 'B', '4.99', 0),
(135, '23', 'C', '4.99', 0),
(136, '23', 'D', '4.99', 0),
(137, '23', 'E', '4.99', 0),
(138, '23', 'F', '4.99', 0),
(139, '24', 'A', '4.99', 0),
(140, '24', 'B', '4.99', 0),
(141, '24', 'C', '4.99', 0),
(142, '24', 'D', '4.99', 0),
(143, '24', 'E', '4.99', 0),
(144, '24', 'F', '4.99', 0),
(145, '25', 'A', '4.99', 0),
(146, '25', 'B', '4.99', 0),
(147, '25', 'C', '4.99', 0),
(148, '25', 'D', '4.99', 0),
(149, '25', 'E', '4.99', 0),
(150, '25', 'F', '4.99', 0),
(151, '26', 'A', '4.99', 0),
(152, '26', 'B', '4.99', 0),
(153, '26', 'C', '4.99', 0),
(154, '26', 'D', '4.99', 0),
(155, '26', 'E', '4.99', 0),
(156, '26', 'F', '4.99', 0),
(157, '27', 'A', '4.99', 0),
(158, '27', 'B', '4.99', 0),
(159, '27', 'C', '4.99', 0),
(160, '27', 'D', '4.99', 0),
(161, '27', 'E', '4.99', 0),
(162, '27', 'F', '4.99', 0),
(163, '28', 'A', '4.99', 0),
(164, '28', 'B', '4.99', 0),
(165, '28', 'C', '4.99', 0),
(166, '28', 'D', '4.99', 0),
(167, '28', 'E', '4.99', 0),
(168, '28', 'F', '4.99', 0),
(169, '29', 'A', '4.99', 0),
(170, '29', 'B', '4.99', 0),
(171, '29', 'C', '4.99', 0),
(172, '29', 'D', '4.99', 0),
(173, '29', 'E', '4.99', 0),
(174, '29', 'F', '4.99', 0),
(175, '30', 'A', '4.99', 0),
(176, '30', 'B', '4.99', 0),
(177, '30', 'C', '4.99', 0),
(178, '30', 'D', '4.99', 0),
(179, '30', 'E', '4.99', 0),
(180, '30', 'F', '4.99', 0),
(181, '31', 'A', '4.99', 0),
(182, '31', 'B', '4.99', 0),
(183, '31', 'C', '4.99', 1),
(184, '31', 'D', '4.99', 1),
(185, '31', 'E', '4.99', 0),
(186, '31', 'F', '4.99', 0),
(187, 'Infant', 'Infant', '0.00', 0);

--
-- Indexes for dumped tables
--

--
-- Indexes for table `Address`
--
ALTER TABLE `Address`
  ADD PRIMARY KEY (`AddressID`),
  ADD KEY `FK_CountryID` (`CountryID`);

--
-- Indexes for table `Age`
--
ALTER TABLE `Age`
  ADD PRIMARY KEY (`AgeID`);

--
-- Indexes for table `Aircraft`
--
ALTER TABLE `Aircraft`
  ADD PRIMARY KEY (`AircraftID`);

--
-- Indexes for table `AircraftSeatPlan`
--
ALTER TABLE `AircraftSeatPlan`
  ADD KEY `FK_AircraftSeatPlanID` (`AircraftID`),
  ADD KEY `FK_SeatPlanAircraftID` (`SeatPlanID`);

--
-- Indexes for table `Airport`
--
ALTER TABLE `Airport`
  ADD PRIMARY KEY (`AirportID`),
  ADD KEY `FK_AirportAddressID` (`AddressID`);

--
-- Indexes for table `ArrivalAirport`
--
ALTER TABLE `ArrivalAirport`
  ADD PRIMARY KEY (`ArrivalAirportID`),
  ADD KEY `FK_AirportArrivalID` (`AirportID`);

--
-- Indexes for table `Booking`
--
ALTER TABLE `Booking`
  ADD PRIMARY KEY (`BookingID`),
  ADD KEY `FK_PaymentID` (`PaymentID`),
  ADD KEY `FK_BookerAddressID` (`AddressID`),
  ADD KEY `FK_EasyjetAccountID` (`EasyjetAccountID`);

--
-- Indexes for table `BookingLineItem`
--
ALTER TABLE `BookingLineItem`
  ADD PRIMARY KEY (`BookingLineItemID`),
  ADD KEY `FK_BookingLineItemID` (`BookingID`);

--
-- Indexes for table `CardType`
--
ALTER TABLE `CardType`
  ADD PRIMARY KEY (`CardTypeID`);

--
-- Indexes for table `ContactInfo`
--
ALTER TABLE `ContactInfo`
  ADD PRIMARY KEY (`ContactID`);

--
-- Indexes for table `Country`
--
ALTER TABLE `Country`
  ADD PRIMARY KEY (`CountryID`);

--
-- Indexes for table `DepartureAirport`
--
ALTER TABLE `DepartureAirport`
  ADD PRIMARY KEY (`DepartureAirportID`),
  ADD KEY `FK_AirportDepartureID` (`AirportID`);

--
-- Indexes for table `EasyJetAccount`
--
ALTER TABLE `EasyJetAccount`
  ADD PRIMARY KEY (`EasyjetAccountID`),
  ADD KEY `FK_AccountContactID` (`ContactID`),
  ADD KEY `FK_AccountAddressID` (`AddressID`);

--
-- Indexes for table `Flight`
--
ALTER TABLE `Flight`
  ADD PRIMARY KEY (`FlightID`),
  ADD KEY `FK_AircraftID` (`AircraftID`),
  ADD KEY `FK_RouteID` (`RouteID`);

--
-- Indexes for table `LuggageType`
--
ALTER TABLE `LuggageType`
  ADD PRIMARY KEY (`LuggageTypeID`);

--
-- Indexes for table `Passenger`
--
ALTER TABLE `Passenger`
  ADD PRIMARY KEY (`PassengerID`),
  ADD KEY `FK_BookingID` (`BookingID`),
  ADD KEY `FK_AgeID` (`AgeID`),
  ADD KEY `FK_FlightID` (`FlightID`);

--
-- Indexes for table `PassengerLuggage`
--
ALTER TABLE `PassengerLuggage`
  ADD KEY `FK_PassengerLuaggeID` (`PassengerID`),
  ADD KEY `FK_LuggagePassengerID` (`LuggageTypeID`);

--
-- Indexes for table `Payment`
--
ALTER TABLE `Payment`
  ADD PRIMARY KEY (`PaymentID`),
  ADD KEY `FK_CardTypeID` (`CardTypeID`);

--
-- Indexes for table `Route`
--
ALTER TABLE `Route`
  ADD PRIMARY KEY (`RouteID`),
  ADD KEY `FK_DepartureAirportID` (`DepartureAirportID`),
  ADD KEY `FK_ArrivalAirportID` (`ArrivalAirportID`);

--
-- Indexes for table `SeatPlan`
--
ALTER TABLE `SeatPlan`
  ADD PRIMARY KEY (`SeatPlanID`);

--
-- AUTO_INCREMENT for dumped tables
--

--
-- AUTO_INCREMENT for table `Address`
--
ALTER TABLE `Address`
  MODIFY `AddressID` int(11) NOT NULL AUTO_INCREMENT, AUTO_INCREMENT=39;

--
-- AUTO_INCREMENT for table `Age`
--
ALTER TABLE `Age`
  MODIFY `AgeID` int(11) NOT NULL AUTO_INCREMENT, AUTO_INCREMENT=4;

--
-- AUTO_INCREMENT for table `Aircraft`
--
ALTER TABLE `Aircraft`
  MODIFY `AircraftID` int(11) NOT NULL AUTO_INCREMENT, AUTO_INCREMENT=12;

--
-- AUTO_INCREMENT for table `Airport`
--
ALTER TABLE `Airport`
  MODIFY `AirportID` int(11) NOT NULL AUTO_INCREMENT, AUTO_INCREMENT=11;

--
-- AUTO_INCREMENT for table `ArrivalAirport`
--
ALTER TABLE `ArrivalAirport`
  MODIFY `ArrivalAirportID` int(11) NOT NULL AUTO_INCREMENT, AUTO_INCREMENT=11;

--
-- AUTO_INCREMENT for table `Booking`
--
ALTER TABLE `Booking`
  MODIFY `BookingID` int(11) NOT NULL AUTO_INCREMENT, AUTO_INCREMENT=23;

--
-- AUTO_INCREMENT for table `BookingLineItem`
--
ALTER TABLE `BookingLineItem`
  MODIFY `BookingLineItemID` int(11) NOT NULL AUTO_INCREMENT, AUTO_INCREMENT=166;

--
-- AUTO_INCREMENT for table `CardType`
--
ALTER TABLE `CardType`
  MODIFY `CardTypeID` int(11) NOT NULL AUTO_INCREMENT, AUTO_INCREMENT=5;

--
-- AUTO_INCREMENT for table `ContactInfo`
--
ALTER TABLE `ContactInfo`
  MODIFY `ContactID` int(11) NOT NULL AUTO_INCREMENT, AUTO_INCREMENT=13;

--
-- AUTO_INCREMENT for table `Country`
--
ALTER TABLE `Country`
  MODIFY `CountryID` int(11) NOT NULL AUTO_INCREMENT, AUTO_INCREMENT=8;

--
-- AUTO_INCREMENT for table `EasyJetAccount`
--
ALTER TABLE `EasyJetAccount`
  MODIFY `EasyjetAccountID` int(11) NOT NULL AUTO_INCREMENT, AUTO_INCREMENT=18;

--
-- AUTO_INCREMENT for table `Flight`
--
ALTER TABLE `Flight`
  MODIFY `FlightID` int(11) NOT NULL AUTO_INCREMENT, AUTO_INCREMENT=35;

--
-- AUTO_INCREMENT for table `LuggageType`
--
ALTER TABLE `LuggageType`
  MODIFY `LuggageTypeID` int(11) NOT NULL AUTO_INCREMENT, AUTO_INCREMENT=10;

--
-- AUTO_INCREMENT for table `Passenger`
--
ALTER TABLE `Passenger`
  MODIFY `PassengerID` int(11) NOT NULL AUTO_INCREMENT, AUTO_INCREMENT=52;

--
-- AUTO_INCREMENT for table `Payment`
--
ALTER TABLE `Payment`
  MODIFY `PaymentID` int(11) NOT NULL AUTO_INCREMENT, AUTO_INCREMENT=13;

--
-- AUTO_INCREMENT for table `Route`
--
ALTER TABLE `Route`
  MODIFY `RouteID` int(11) NOT NULL AUTO_INCREMENT, AUTO_INCREMENT=17;

--
-- AUTO_INCREMENT for table `SeatPlan`
--
ALTER TABLE `SeatPlan`
  MODIFY `SeatPlanID` int(11) NOT NULL AUTO_INCREMENT, AUTO_INCREMENT=188;

--
-- Constraints for dumped tables
--

--
-- Constraints for table `Address`
--
ALTER TABLE `Address`
  ADD CONSTRAINT `FK_CountryID` FOREIGN KEY (`CountryID`) REFERENCES `Country` (`CountryID`);

--
-- Constraints for table `AircraftSeatPlan`
--
ALTER TABLE `AircraftSeatPlan`
  ADD CONSTRAINT `FK_AircraftSeatPlanID` FOREIGN KEY (`AircraftID`) REFERENCES `Aircraft` (`AircraftID`),
  ADD CONSTRAINT `FK_SeatPlanAircraftID` FOREIGN KEY (`SeatPlanID`) REFERENCES `SeatPlan` (`SeatPlanID`);

--
-- Constraints for table `Airport`
--
ALTER TABLE `Airport`
  ADD CONSTRAINT `FK_AirportAddressID` FOREIGN KEY (`AddressID`) REFERENCES `Address` (`AddressID`);

--
-- Constraints for table `ArrivalAirport`
--
ALTER TABLE `ArrivalAirport`
  ADD CONSTRAINT `FK_AirportArrivalID` FOREIGN KEY (`AirportID`) REFERENCES `Airport` (`AirportID`);

--
-- Constraints for table `Booking`
--
ALTER TABLE `Booking`
  ADD CONSTRAINT `FK_BookerAddressID` FOREIGN KEY (`AddressID`) REFERENCES `Address` (`AddressID`),
  ADD CONSTRAINT `FK_EasyjetAccountID` FOREIGN KEY (`EasyjetAccountID`) REFERENCES `EasyJetAccount` (`EasyjetAccountID`),
  ADD CONSTRAINT `FK_PaymentID` FOREIGN KEY (`PaymentID`) REFERENCES `Payment` (`PaymentID`);

--
-- Constraints for table `BookingLineItem`
--
ALTER TABLE `BookingLineItem`
  ADD CONSTRAINT `FK_BookingLineItemID` FOREIGN KEY (`BookingID`) REFERENCES `Booking` (`BookingID`);

--
-- Constraints for table `DepartureAirport`
--
ALTER TABLE `DepartureAirport`
  ADD CONSTRAINT `FK_AirportDepartureID` FOREIGN KEY (`AirportID`) REFERENCES `Airport` (`AirportID`);

--
-- Constraints for table `EasyJetAccount`
--
ALTER TABLE `EasyJetAccount`
  ADD CONSTRAINT `FK_AccountAddressID` FOREIGN KEY (`AddressID`) REFERENCES `Address` (`AddressID`),
  ADD CONSTRAINT `FK_AccountContactID` FOREIGN KEY (`ContactID`) REFERENCES `ContactInfo` (`ContactID`);

--
-- Constraints for table `Flight`
--
ALTER TABLE `Flight`
  ADD CONSTRAINT `FK_AircraftID` FOREIGN KEY (`AircraftID`) REFERENCES `Aircraft` (`AircraftID`),
  ADD CONSTRAINT `FK_RouteID` FOREIGN KEY (`RouteID`) REFERENCES `Route` (`RouteID`);

--
-- Constraints for table `Passenger`
--
ALTER TABLE `Passenger`
  ADD CONSTRAINT `FK_AgeID` FOREIGN KEY (`AgeID`) REFERENCES `Age` (`AgeID`),
  ADD CONSTRAINT `FK_BookingID` FOREIGN KEY (`BookingID`) REFERENCES `Booking` (`BookingID`),
  ADD CONSTRAINT `FK_FlightID` FOREIGN KEY (`FlightID`) REFERENCES `Flight` (`FlightID`);

--
-- Constraints for table `PassengerLuggage`
--
ALTER TABLE `PassengerLuggage`
  ADD CONSTRAINT `FK_LuggagePassengerID` FOREIGN KEY (`LuggageTypeID`) REFERENCES `LuggageType` (`LuggageTypeID`),
  ADD CONSTRAINT `FK_PassengerLuaggeID` FOREIGN KEY (`PassengerID`) REFERENCES `Passenger` (`PassengerID`);

--
-- Constraints for table `Payment`
--
ALTER TABLE `Payment`
  ADD CONSTRAINT `FK_CardTypeID` FOREIGN KEY (`CardTypeID`) REFERENCES `CardType` (`CardTypeID`);

--
-- Constraints for table `Route`
--
ALTER TABLE `Route`
  ADD CONSTRAINT `FK_ArrivalAirportID` FOREIGN KEY (`ArrivalAirportID`) REFERENCES `ArrivalAirport` (`ArrivalAirportID`),
  ADD CONSTRAINT `FK_DepartureAirportID` FOREIGN KEY (`DepartureAirportID`) REFERENCES `DepartureAirport` (`DepartureAirportID`);
COMMIT;

/*!40101 SET CHARACTER_SET_CLIENT=@OLD_CHARACTER_SET_CLIENT */;
/*!40101 SET CHARACTER_SET_RESULTS=@OLD_CHARACTER_SET_RESULTS */;
/*!40101 SET COLLATION_CONNECTION=@OLD_COLLATION_CONNECTION */;
